AAGMGFFGAR,"[{'Target': 'P. aeruginosa', 'MIC Value': 12.70000000128795, 'Unit': 'µM'}, {'Target': 'E. coli', 'MIC Value': 12.70000000128795, 'Unit': 'µM'}, {'Target': 'E. faecium', 'MIC Value': 25.40000002222818, 'Unit': 'µM'}, {'Target': 'T. beigelii', 'MIC Value': 12.70000000128795, 'Unit': 'µM'}, {'Target': 'C. albicans', 'MIC Value': 25.40000002222818, 'Unit': 'µM'}, {'Target': 'V. vulnificus', 'MIC Value': 25.40000002222818, 'Unit': 'µM'}, {'Target': 'S. aureus', 'MIC Value': 25.40000002222818, 'Unit': 'µM'}, {'Target': 'S. mutans', 'MIC Value': 12.70000000128795, 'Unit': 'µM'}, {'Target': 'M. furfur', 'MIC Value': 50.89999996053133, 'Unit': 'µM'}, {'Target': 'S. aureus', 'MIC Value': 25.00000001887904, 'Unit': 'µM'}, {'Target': 'E. coli', 'MIC Value': 12.99999999081527, 'Unit': 'µM'}, {'Target': 'P. aeruginosa', 'MIC Value': 12.99999999081527, 'Unit': 'µM'}, {'Target': 'C. albicans', 'MIC Value': 25.00000001887904, 'Unit': 'µM'}, {'Target': 'Escherichia coli O-157 ', 'MIC Value': 12.7, 'Unit': 'µM'}, {'Target': 'PseudµMonas aeruginosa ', 'MIC Value': 12.7, 'Unit': 'µM'}, {'Target': 'Vibrio vulnificu ', 'MIC Value': 25.4, 'Unit': 'µM'}, {'Target': 'Staphylococcus aureus ', 'MIC Value': 25.4, 'Unit': 'µM'}]"
APAAGFFGMR,"[{'Target': 'E. coli', 'MIC Value': 82.0, 'Unit': 'µM'}, {'Target': 'Pseudomonas aeruginosa ATCC 27853', 'MIC Value': 82.0, 'Unit': 'µM'}, {'Target': 'Pseudomonas aeruginosa ATCC 27853', 'MIC Value': 164.0, 'Unit': 'µM'}, {'Target': 'Penicillium expansum', 'MIC Value': 164.0, 'Unit': 'µM'}]"
CLGIGSCNDFAGCGYAVVCFW,"[{'Target': 'E. coli', 'MIC Value': 58.56721441, 'Unit': 'µM'}]"
GPSGFLGMR,"[{'Target': 'E. coli', 'MIC Value': 100.0, 'Unit': 'µM'}, {'Target': 'Pseudomonas aeruginosa ATCC 27853', 'MIC Value': 64.0, 'Unit': 'µM'}, {'Target': 'Penicillium expansum', 'MIC Value': 128.0, 'Unit': 'µM'}]"
HKTDSFVGLM,"[{'Target': 'C. albicans', 'MIC Value': 440.7984726170974, 'Unit': 'µM'}, {'Target': 'E. faecalis', 'MIC Value': 440.7984726170974, 'Unit': 'µM'}, {'Target': 'S. mutans', 'MIC Value': 440.7984726170974, 'Unit': 'µM'}, {'Target': 'P. aeruginosa', 'MIC Value': 440.7984726170974, 'Unit': 'µM'}, {'Target': 'E. coli', 'MIC Value': 440.7984726170974, 'Unit': 'µM'}, {'Target': 'S. aureus', 'MIC Value': 440.7984726170974, 'Unit': 'µM'}, {'Target': 'L. acidophilus', 'MIC Value': 440.7984726170974, 'Unit': 'µM'}]"
HSDAVFTDNYTRLRKQMAVKKYLNSILN,"[{'Target': 'E. coli', 'MIC Value': 1.563072297119732, 'Unit': 'µM'}, {'Target': 'C. albicans', 'MIC Value': 13.97747341795485, 'Unit': 'µM'}, {'Target': 'S. mutans', 'MIC Value': 45.08862391168071, 'Unit': 'µM'}, {'Target': 'C. albicans', 'MIC Value': 13.97747341795485, 'Unit': 'µM'}, {'Target': 'E. faecalis', 'MIC Value': 150.2954132879879, 'Unit': 'µM'}, {'Target': 'S. mutans', 'MIC Value': 45.29903756723032, 'Unit': 'µM'}, {'Target': 'P. aeruginosa', 'MIC Value': 1.232422387872606, 'Unit': 'µM'}, {'Target': 'E. coli', 'MIC Value': 1.563072297119732, 'Unit': 'µM'}, {'Target': 'S. aureus', 'MIC Value': 150.2954132879879, 'Unit': 'µM'}, {'Target': 'L. acidophilus', 'MIC Value': 150.2954132879879, 'Unit': 'µM'}, {'Target': 'Streptococcus mutans NCTC 10449', 'MIC Value': 45.32685115368421, 'Unit': 'µM'}, {'Target': 'Staphylococcus aureus ATCC 25923', 'MIC Value': 150.3876946041281, 'Unit': 'µM'}, {'Target': 'Pseudomonas aeruginosa ATCC 27853', 'MIC Value': 1.2331790957538504, 'Unit': 'µM'}]"
KACPRNCDTDIAYMVCPSSGERIIRKVCTNCCAAQKGCKLFRSNGSIKCTGT,"[{'Target': 'Staphylococcus aureus ATCC 29213', 'MIC Value': 1.4629524534257585, 'Unit': 'µM'}, {'Target': 'Escherichia coli ATCC 25922', 'MIC Value': 1.4286645052985922, 'Unit': 'µM'}]"
LDPKVVQSLL,"[{'Target': 'C. albicans', 'MIC Value': 200.0000001547424, 'Unit': 'µM'}, {'Target': 'B. cinerea', 'MIC Value': 200.0000001547424, 'Unit': 'µM'}, {'Target': 'S. aureus', 'MIC Value': 200.0000001547424, 'Unit': 'µM'}, {'Target': 'E. coli', 'MIC Value': 200.0000001547424, 'Unit': 'µM'}, {'Target': 'Staphylococcus aureus ATCC 12600', 'MIC Value': 200.0, 'Unit': 'µM'}, {'Target': 'Escherichia coli ATCC 11775', 'MIC Value': 200.0, 'Unit': 'µM'}, {'Target': 'Candida albicans ATCC 10231', 'MIC Value': 200.0, 'Unit': 'µM'}]"
LRQSQFVGSR,"[{'Target': 'S. aureus', 'MIC Value': 41.99999996151961, 'Unit': 'µM'}, {'Target': 'E. coli', 'MIC Value': 10.99999999599241, 'Unit': 'µM'}, {'Target': 'P. aeruginosa', 'MIC Value': 21.00000001286615, 'Unit': 'µM'}, {'Target': 'C. albicans', 'MIC Value': 41.99999996151961, 'Unit': 'µM'}, {'Target': 'Escherichia coli O-157 ', 'MIC Value': 10.6, 'Unit': 'µM'}, {'Target': 'PseudµMonas aeruginosa ', 'MIC Value': 21.3, 'Unit': 'µM'}, {'Target': 'Vibrio vulnificus ', 'MIC Value': 42.5, 'Unit': 'µM'}, {'Target': 'Staphylococcus aureus ', 'MIC Value': 42.5, 'Unit': 'µM'}]"
LVTLVFV,"[{'Target': 'E. coli', 'MIC Value': 128.0, 'Unit': 'µM'}, {'Target': 'Staphylococcus epidermidis ATCC 12228', 'MIC Value': 128.0, 'Unit': 'µM'}, {'Target': 'Staphylococcus aureus ATCC 29213', 'MIC Value': 128.0, 'Unit': 'µM'}, {'Target': 'Escherichia coli ATCC 25922', 'MIC Value': 128.0, 'Unit': 'µM'}]"
RPKPQQFFGLM,"[{'Target': 'E. coli', 'MIC Value': 4.226559614859034, 'Unit': 'µM'}, {'Target': 'C. albicans', 'MIC Value': 5.932013490175609, 'Unit': 'µM'}, {'Target': 'S. mutans', 'MIC Value': 126.796788235658, 'Unit': 'µM'}, {'Target': 'C. albicans', 'MIC Value': 6.006163660369623, 'Unit': 'µM'}, {'Target': 'E. faecalis', 'MIC Value': 370.7508428422436, 'Unit': 'µM'}, {'Target': 'S. mutans', 'MIC Value': 127.2416895046818, 'Unit': 'µM'}, {'Target': 'P. aeruginosa', 'MIC Value': 11.64157646328387, 'Unit': 'µM'}, {'Target': 'E. coli', 'MIC Value': 4.226559614859034, 'Unit': 'µM'}, {'Target': 'S. aureus', 'MIC Value': 370.7508428422436, 'Unit': 'µM'}, {'Target': 'L. acidophilus', 'MIC Value': 54.94527495434762, 'Unit': 'µM'}, {'Target': 'E. coli', 'MIC Value': 5.999999994699767, 'Unit': 'µM'}, {'Target': 'P. aeruginosa', 'MIC Value': 12.99999999081527, 'Unit': 'µM'}, {'Target': 'C. albicans', 'MIC Value': 25.00000001887904, 'Unit': 'µM'}]"
SYSMEHFRWGKPV,"[{'Target': 'B. anthracis', 'MIC Value': 100.0, 'Unit': 'µM'}, {'Target': 'B. subtilis', 'MIC Value': 100.0, 'Unit': 'µM'}, {'Target': 'B. thailandensis', 'MIC Value': 49.9999999613144, 'Unit': 'µM'}, {'Target': 'Burkholderia thailandensis', 'MIC Value': 50.0, 'Unit': 'µM'}, {'Target': 'Bacillus subtilis ATCC 9372', 'MIC Value': 100.0, 'Unit': 'µM'}, {'Target': 'Bacillus anthracis Sterne 34F2', 'MIC Value': 100.0, 'Unit': 'µM'}]"
YPSKPDNPGEDAPAEDMARYYSALRHYINLITRQRY,"[{'Target': 'E. faecalis', 'MIC Value': 43.78595062532608, 'Unit': 'µM'}, {'Target': 'E. coli', 'MIC Value': 10.88312739655708, 'Unit': 'µM'}, {'Target': 'P. aeruginosa', 'MIC Value': 43.78595062532608, 'Unit': 'µM'}, {'Target': 'C. albicans', 'MIC Value': 43.78595062532608, 'Unit': 'µM'}, {'Target': 'S. mutans', 'MIC Value': 43.78595062532608, 'Unit': 'µM'}, {'Target': 'A. simii', 'MIC Value': 4.680915011707444, 'Unit': 'µM'}, {'Target': 'C. albicans', 'MIC Value': 56.91992655065668, 'Unit': 'µM'}, {'Target': 'E. coli', 'MIC Value': 10.88312739655708, 'Unit': 'µM'}, {'Target': 'E. faecalis', 'MIC Value': 29.20890969441335, 'Unit': 'µM'}, {'Target': 'S. mutans', 'MIC Value': 49.36024878987337, 'Unit': 'µM'}, {'Target': 'C. albicans', 'MIC Value': 5.851143764525762, 'Unit': 'µM'}, {'Target': 'P. aeruginosa', 'MIC Value': 31.43234430327285, 'Unit': 'µM'}, {'Target': 'C. neoformans', 'MIC Value': 7.02137251666095, 'Unit': 'µM'}, {'Target': 'S. aureus', 'MIC Value': 117.0228753810572, 'Unit': 'µM'}, {'Target': 'L. acidophilus', 'MIC Value': 66.39877942090845, 'Unit': 'µM'}, {'Target': 'Streptococcus mutans NCTC 10449', 'MIC Value': 49.39034405869868, 'Unit': 'µM'}, {'Target': 'Staphylococcus aureus ATCC 25923', 'MIC Value': 117.0942248902292, 'Unit': 'µM'}, {'Target': 'Pseudomonas aeruginosa ATCC 27853', 'MIC Value': 31.451508805515562, 'Unit': 'µM'}, {'Target': 'Lactobacillus acidophilus NCTC 1723', 'MIC Value': 66.43926320271605, 'Unit': 'µM'}, {'Target': 'Escherichia coli ATCC 25922', 'MIC Value': 10.889762914791316, 'Unit': 'µM'}]"
