Squence,Data
AAGMGFFGAR,"[{'Target': 'P. aeruginosa', 'MIC Value': 12.70000000128795, 'Unit': 'µM'}, {'Target': 'E. coli', 'MIC Value': 12.70000000128795, 'Unit': 'µM'}, {'Target': 'E. faecium', 'MIC Value': 25.40000002222818, 'Unit': 'µM'}, {'Target': 'T. beigelii', 'MIC Value': 12.70000000128795, 'Unit': 'µM'}, {'Target': 'C. albicans', 'MIC Value': 25.40000002222818, 'Unit': 'µM'}, {'Target': 'V. vulnificus', 'MIC Value': 25.40000002222818, 'Unit': 'µM'}, {'Target': 'S. aureus', 'MIC Value': 25.40000002222818, 'Unit': 'µM'}, {'Target': 'S. mutans', 'MIC Value': 12.70000000128795, 'Unit': 'µM'}, {'Target': 'M. furfur', 'MIC Value': 50.89999996053133, 'Unit': 'µM'}, {'Target': 'S. aureus', 'MIC Value': 25.00000001887904, 'Unit': 'µM'}, {'Target': 'E. coli', 'MIC Value': 12.99999999081527, 'Unit': 'µM'}, {'Target': 'P. aeruginosa', 'MIC Value': 12.99999999081527, 'Unit': 'µM'}, {'Target': 'C. albicans', 'MIC Value': 25.00000001887904, 'Unit': 'µM'}, {'Target': 'Escherichia coli O-157 ', 'MIC Value': 12.7, 'Unit': 'µM'}, {'Target': 'PseudµMonas aeruginosa ', 'MIC Value': 12.7, 'Unit': 'µM'}, {'Target': 'Vibrio vulnificu ', 'MIC Value': 25.4, 'Unit': 'µM'}, {'Target': 'Staphylococcus aureus ', 'MIC Value': 25.4, 'Unit': 'µM'}]"
APAAGFFGMR,"[{'Target': 'E. coli', 'MIC Value': 82.0, 'Unit': 'µM'}, {'Target': 'Pseudomonas aeruginosa ATCC 27853', 'MIC Value': 82.0, 'Unit': 'µM'}, {'Target': 'Pseudomonas aeruginosa ATCC 27853', 'MIC Value': 164.0, 'Unit': 'µM'}, {'Target': 'Penicillium expansum', 'MIC Value': 164.0, 'Unit': 'µM'}]"
CLGIGSCNDFAGCGYAVVCFW,"[{'Target': 'E. coli', 'MIC Value': 58.56721441, 'Unit': 'µM'}]"
DLQCAETCVHSPCIGPCYCKHGLICYRN,"[{'Target': 'E. coli', 'MIC Value': 100.0, 'Unit': 'µM'}, {'Target': 'Enterobacter cloacae BCRC 10401', 'MIC Value': 20.47772480354619, 'Unit': 'µM'}, {'Target': 'Enterobacter aerogenes BCRC 10370', 'MIC Value': 10.238862401773096, 'Unit': 'µM'}]"
DTIPCGESCVWIPCISSILGCSCKDKVCYHN,"[{'Target': 'E. coli', 'MIC Value': 100.0, 'Unit': 'µM'}, {'Target': 'E. coli', 'MIC Value': 100.0, 'Unit': 'µM'}, {'Target': 'Pseudomonas aeruginosa', 'MIC Value': 3.7064734596191777, 'Unit': 'µM'}]"
DTTPCGESCVWIPCVSSIVGCSCQNKVCYQN,"[{'Target': 'E. coli', 'MIC Value': 100.0, 'Unit': 'µM'}, {'Target': 'E. coli', 'MIC Value': 100.0, 'Unit': 'µM'}]"
FLPAIAGILSQLF,"[{'Target': 'E. coli', 'MIC Value': 49.9999999613144, 'Unit': 'µM'}, {'Target': 'S. aureus', 'MIC Value': 200.0000001547424, 'Unit': 'µM'}, {'Target': 'Staphylococcus aureus NCTC 10788', 'MIC Value': 200.0, 'Unit': 'µM'}, {'Target': 'Escherichia coli NCTC 10418', 'MIC Value': 50.0, 'Unit': 'µM'}]"
GDACGETCFTGICFTAGCSCNPWPTCTRN,"[{'Target': 'E. coli', 'MIC Value': 80.00000000148404, 'Unit': 'µM'}, {'Target': 'H. cervical', 'MIC Value': 9.800000006938957, 'Unit': 'µM'}, {'Target': 'S. epidermidis', 'MIC Value': 80.00000000148404, 'Unit': 'µM'}, {'Target': 'S. aureus', 'MIC Value': 80.00000000148404, 'Unit': 'µM'}, {'Target': 'E. coli', 'MIC Value': 80.00000000148404, 'Unit': 'µM'}, {'Target': 'S. epidermidis', 'MIC Value': 80.00000000148404, 'Unit': 'µM'}, {'Target': 'S. aureus', 'MIC Value': 80.00000000148404, 'Unit': 'µM'}, {'Target': 'E. coli', 'MIC Value': 80.0, 'Unit': 'µM'}]"
GEYCGESCYLIPCFTPGCYCVSRQCVNKN,"[{'Target': 'E. coli', 'MIC Value': 80.00000000148404, 'Unit': 'µM'}, {'Target': 'H. cervical', 'MIC Value': 4.99999999613144, 'Unit': 'µM'}, {'Target': 'S. epidermidis', 'MIC Value': 80.00000000148404, 'Unit': 'µM'}, {'Target': 'S. aureus', 'MIC Value': 80.00000000148404, 'Unit': 'µM'}, {'Target': 'E. coli', 'MIC Value': 80.00000000148404, 'Unit': 'µM'}, {'Target': 'S. epidermidis', 'MIC Value': 80.00000000148404, 'Unit': 'µM'}, {'Target': 'S. aureus', 'MIC Value': 80.00000000148404, 'Unit': 'µM'}, {'Target': 'E. coli', 'MIC Value': 80.0, 'Unit': 'µM'}]"
GFFALIPKIISSPLFKTLLSAVGSALSSSGEQE,"[{'Target': 'E. coli', 'MIC Value': 7.067359867478203, 'Unit': 'µM'}, {'Target': 'E. coli', 'MIC Value': 7.067359861, 'Unit': 'µM'}, {'Target': 'Escherichia coli', 'MIC Value': 7.071628268149467, 'Unit': 'µM'}]"
GFGSLLGKALKIGTNLL,"[{'Target': 'S. aureus', 'MIC Value': 5.999999994699767, 'Unit': 'µM'}, {'Target': 'E. coli', 'MIC Value': 25.00000001887904, 'Unit': 'µM'}, {'Target': 'S. aureus', 'MIC Value': 5.999999994699767, 'Unit': 'µM'}, {'Target': 'E. coli', 'MIC Value': 25.00000001887904, 'Unit': 'µM'}, {'Target': 'Staphylococcus aureus', 'MIC Value': 6.0, 'Unit': 'µM'}, {'Target': 'Escherichia coli', 'MIC Value': 25.0, 'Unit': 'µM'}]"
GFGTILKALAKIAGKVVKKLATKPGATYMLKENLK,"[{'Target': 'E. coli', 'MIC Value': 0.3130000003268787, 'Unit': 'µM'}, {'Target': 'S. aureus', 'MIC Value': 0.3130000003268787, 'Unit': 'µM'}, {'Target': 'P. denitrificans', 'MIC Value': 0.1559999998726762, 'Unit': 'µM'}, {'Target': 'B. subtilis', 'MIC Value': 0.624999999504836, 'Unit': 'µM'}]"
GIGSALAKAAKLVAGIV,"[{'Target': 'S. aureus', 'MIC Value': 12.49999999976812, 'Unit': 'µM'}, {'Target': 'E. coli', 'MIC Value': 49.9999999613144, 'Unit': 'µM'}, {'Target': 'S. aureus', 'MIC Value': 12.49999999976812, 'Unit': 'µM'}, {'Target': 'E. coli', 'MIC Value': 49.9999999613144, 'Unit': 'µM'}, {'Target': 'S. aureus', 'MIC Value': 11.99999999868408, 'Unit': 'µM'}, {'Target': 'E. coli', 'MIC Value': 49.9999999613144, 'Unit': 'µM'}, {'Target': 'Staphylococcus aureus', 'MIC Value': 12.5, 'Unit': 'µM'}, {'Target': 'Escherichia coli', 'MIC Value': 50.0, 'Unit': 'µM'}]"
GIPCAESCVWIPCTVTALLGCSCKDKVCYLD,"[{'Target': 'P. aeruginosa', 'MIC Value': 160.000000126762, 'Unit': 'µM'}, {'Target': 'E. coli', 'MIC Value': 160.000000126762, 'Unit': 'µM'}, {'Target': 'S. aureus', 'MIC Value': 160.000000126762, 'Unit': 'µM'}, {'Target': 'C. albicans', 'MIC Value': 160.000000126762, 'Unit': 'µM'}, {'Target': 'H. histiocytic', 'MIC Value': 2.500000001887903, 'Unit': 'µM'}, {'Target': 'E. coli', 'MIC Value': 160.0, 'Unit': 'µM'}, {'Target': 'Staphylococcus aureus ATCC 29213', 'MIC Value': 160.0, 'Unit': 'µM'}, {'Target': 'Pseudomonas aeruginosa ATCC 27853', 'MIC Value': 160.0, 'Unit': 'µM'}, {'Target': 'Pseudomonas aeruginosa ATCC 27853', 'MIC Value': 10.0, 'Unit': 'µM'}]"
GIPCGESCVFIPCITAAIGCSCKSKVCYRN,"[{'Target': 'E. coli', 'MIC Value': 1.299999999081527, 'Unit': 'µM'}, {'Target': 'K. pneumonia', 'MIC Value': 1.900000000206369, 'Unit': 'µM'}, {'Target': 'P. aeruginosa', 'MIC Value': 1.499999999807684, 'Unit': 'µM'}, {'Target': 'H. cervical', 'MIC Value': 0.5999999994699767, 'Unit': 'µM'}, {'Target': 'E. faecalis', 'MIC Value': 100.0, 'Unit': 'µM'}, {'Target': 'K. pneumoniae', 'MIC Value': 7.49999999323558, 'Unit': 'µM'}, {'Target': 'P. aeruginosa', 'MIC Value': 5.499999993740788, 'Unit': 'µM'}, {'Target': 'S. aureus', 'MIC Value': 100.0, 'Unit': 'µM'}, {'Target': 'E. coli', 'MIC Value': 1.0, 'Unit': 'µM'}, {'Target': 'H. lung', 'MIC Value': 0.4500000002327806, 'Unit': 'µM'}, {'Target': 'P. aeruginosa', 'MIC Value': 2.699999999011579, 'Unit': 'µM'}, {'Target': 'K. pneumonia', 'MIC Value': 4.700000000695675, 'Unit': 'µM'}, {'Target': 'E. coli', 'MIC Value': 1.099999999599241, 'Unit': 'µM'}, {'Target': 'E. faecalis', 'MIC Value': 1.099999999599241, 'Unit': 'µM'}, {'Target': 'S. aureus', 'MIC Value': 1.099999999599241, 'Unit': 'µM'}, {'Target': 'E. coli', 'MIC Value': 1.0, 'Unit': 'µM'}, {'Target': 'Escherichia coli ATCC 700926 ', 'MIC Value': 1.1, 'Unit': 'µM'}, {'Target': 'PseudµMonas aeruginosa ATCC 39018 ', 'MIC Value': 2.7, 'Unit': 'µM'}]"
GIPCGESCVFIPCTVTALLGCSCKDKVCYKN,"[{'Target': 'E. coli', 'MIC Value': 3.100000001182964, 'Unit': 'µM'}, {'Target': 'P. aeruginosa', 'MIC Value': 0.624999999504836, 'Unit': 'µM'}, {'Target': 'C. albicans', 'MIC Value': 160.000000126762, 'Unit': 'µM'}, {'Target': 'E. coli', 'MIC Value': 39.99999996979354, 'Unit': 'µM'}, {'Target': 'E. coli', 'MIC Value': 16.0000000126762, 'Unit': 'µM'}, {'Target': 'H. histiocytic', 'MIC Value': 2.799999997793631, 'Unit': 'µM'}, {'Target': 'S. aureus', 'MIC Value': 160.000000126762, 'Unit': 'µM'}, {'Target': 'H. lung', 'MIC Value': 1.760000000753167, 'Unit': 'µM'}, {'Target': 'E. coli', 'MIC Value': 19.7, 'Unit': 'µM'}]"
GIPCGESCVWIPCISAALGCSCKNKVCYRN,"[{'Target': 'S. aureus', 'MIC Value': 0.2000000001547424, 'Unit': 'µM'}, {'Target': 'P. vulgaris', 'MIC Value': 54.60000003712077, 'Unit': 'µM'}, {'Target': 'S. aureus', 'MIC Value': 0.1900000000206369, 'Unit': 'µM'}, {'Target': 'E. coli', 'MIC Value': 500.0, 'Unit': 'µM'}, {'Target': 'Staphylococcus aureus ATCC 29213', 'MIC Value': 500.0, 'Unit': 'µM'}, {'Target': 'Staphylococcus aureus ATCC 29213', 'MIC Value': 0.19, 'Unit': 'µM'}]"
GIPCGESCVWIPCISSAIGCSCKSKVCYRN,"[{'Target': 'S. enterica', 'MIC Value': 25.00000001887904, 'Unit': 'µM'}, {'Target': 'E. coli', 'MIC Value': 25.00000001887904, 'Unit': 'µM'}, {'Target': 'S. aureus', 'MIC Value': 25.00000001887904, 'Unit': 'µM'}, {'Target': 'E. coli', 'MIC Value': 86.66666667, 'Unit': 'µM'}]"
GIPCGESCVWIPCITSAIGCSCKSKVCYRN,"[{'Target': 'H. breast', 'MIC Value': 1.16082621169696, 'Unit': 'µM'}, {'Target': 'H. glioblastoma', 'MIC Value': 1.896959907002016, 'Unit': 'µM'}, {'Target': 'H. histiocytic', 'MIC Value': 0.5999999994699767, 'Unit': 'µM'}, {'Target': 'M. cells', 'MIC Value': 1.0, 'Unit': 'µM'}, {'Target': 'H. hepatocarcinoma', 'MIC Value': 1.554060024089814, 'Unit': 'µM'}, {'Target': 'H. lung', 'MIC Value': 1.226889492411925, 'Unit': 'µM'}, {'Target': 'H. prostate', 'MIC Value': 0.9657822404604839, 'Unit': 'µM'}]"
GIPCGESCVWIPCLTSAIGCSCKSKVCYRN,"[{'Target': 'P. aeruginosa', 'MIC Value': 10.0, 'Unit': 'µM'}, {'Target': 'E. coli', 'MIC Value': 10.0, 'Unit': 'µM'}, {'Target': 'S. aureus', 'MIC Value': 20.00000001547424, 'Unit': 'µM'}, {'Target': 'C. albicans', 'MIC Value': 20.00000001547424, 'Unit': 'µM'}, {'Target': 'H. histiocytic', 'MIC Value': 0.4199999996151961, 'Unit': 'µM'}, {'Target': 'E. coli', 'MIC Value': 10.0, 'Unit': 'µM'}, {'Target': 'Staphylococcus aureus ATCC 29213', 'MIC Value': 20.0, 'Unit': 'µM'}, {'Target': 'Pseudomonas aeruginosa ATCC 27853', 'MIC Value': 10.0, 'Unit': 'µM'}]"
GIPCGESCVYIPCTVTALLGCSCKDKVCYKN,"[{'Target': 'H. lung', 'MIC Value': 1.60000000126762, 'Unit': 'µM'}]"
GLGSLVGNALRIGAKLL,"[{'Target': 'S. aureus', 'MIC Value': 12.49999999976812, 'Unit': 'µM'}, {'Target': 'E. coli', 'MIC Value': 25.00000001887904, 'Unit': 'µM'}, {'Target': 'S. aureus', 'MIC Value': 12.49999999976812, 'Unit': 'µM'}, {'Target': 'E. coli', 'MIC Value': 49.9999999613144, 'Unit': 'µM'}, {'Target': 'Staphylococcus aureus ATCC 25923', 'MIC Value': 12.5, 'Unit': 'µM'}, {'Target': 'Escherichia coli ATCC 25922', 'MIC Value': 50.0, 'Unit': 'µM'}]"
GLIGSIGKALGGLLVDVLKPKLQAAS,"[{'Target': 'S. uberis', 'MIC Value': 39.69779493606479, 'Unit': 'µM'}, {'Target': 'L. innocua', 'MIC Value': 39.69779493606479, 'Unit': 'µM'}, {'Target': 'S. epidermidis', 'MIC Value': 39.69779493606479, 'Unit': 'µM'}, {'Target': 'P. multocida', 'MIC Value': 39.69779493606479, 'Unit': 'µM'}, {'Target': 'E. coli', 'MIC Value': 39.69779493606479, 'Unit': 'µM'}, {'Target': 'B. cereus', 'MIC Value': 39.69779493606479, 'Unit': 'µM'}, {'Target': 'L. lactis', 'MIC Value': 39.69779493606479, 'Unit': 'µM'}, {'Target': 'S. aureus', 'MIC Value': 39.69779493606479, 'Unit': 'µM'}, {'Target': 'M. luteus', 'MIC Value': 39.69779493606479, 'Unit': 'µM'}, {'Target': 'L. lactis', 'MIC Value': 39.69779493606479, 'Unit': 'µM'}, {'Target': 'E. coli', 'MIC Value': 39.69779498, 'Unit': 'µM'}, {'Target': 'Streptococcus uberis', 'MIC Value': 39.721539487960165, 'Unit': 'µM'}, {'Target': 'Staphylococcus epidermidis', 'MIC Value': 39.721539487960165, 'Unit': 'µM'}, {'Target': 'Staphylococcus aureus', 'MIC Value': 39.721539487960165, 'Unit': 'µM'}, {'Target': 'Pasteurella multocida', 'MIC Value': 39.721539487960165, 'Unit': 'µM'}, {'Target': 'Micrococcus luteus', 'MIC Value': 39.721539487960165, 'Unit': 'µM'}, {'Target': 'Listeria innocua', 'MIC Value': 39.721539487960165, 'Unit': 'µM'}]"
GLLPCAESCVYIPCLTTVIGCSCKSKVCYKN,"[{'Target': 'H. histiocytic', 'MIC Value': 1.60000000126762, 'Unit': 'µM'}]"
GLPCGESCVFIPCITTVVGCSCKNKVCYNN,"[{'Target': 'P. aeruginosa', 'MIC Value': 160.000000126762, 'Unit': 'µM'}, {'Target': 'E. coli', 'MIC Value': 160.000000126762, 'Unit': 'µM'}, {'Target': 'S. aureus', 'MIC Value': 160.000000126762, 'Unit': 'µM'}, {'Target': 'C. albicans', 'MIC Value': 160.000000126762, 'Unit': 'µM'}, {'Target': 'H. histiocytic', 'MIC Value': 3.000000001936503, 'Unit': 'µM'}, {'Target': 'E. coli', 'MIC Value': 100.0, 'Unit': 'µM'}, {'Target': 'Staphylococcus aureus ATCC 29213', 'MIC Value': 160.0, 'Unit': 'µM'}, {'Target': 'Pseudomonas aeruginosa ATCC 27853', 'MIC Value': 160.0, 'Unit': 'µM'}, {'Target': 'Pseudomonas aeruginosa ATCC 27853', 'MIC Value': 0.625, 'Unit': 'µM'}]"
GLPICGETCVGGSCNTPGCSCSWPVCTRN,"[{'Target': 'H. breast', 'MIC Value': 3.445530843818429, 'Unit': 'µM'}, {'Target': 'H. glioblastoma', 'MIC Value': 16.06306478705535, 'Unit': 'µM'}, {'Target': 'H. lung', 'MIC Value': 3.445530843818429, 'Unit': 'µM'}, {'Target': 'H. prostate', 'MIC Value': 3.445530843818429, 'Unit': 'µM'}, {'Target': 'H. hepatocarcinoma', 'MIC Value': 3.445530843818429, 'Unit': 'µM'}]"
GLPICGETCVGGTCNTPGCSCSWPVCTRN,"[{'Target': 'H. breast', 'MIC Value': 3.428958997672269, 'Unit': 'µM'}, {'Target': 'H. glioblastoma', 'MIC Value': 13.31807673972292, 'Unit': 'µM'}, {'Target': 'H. histiocytic', 'MIC Value': 3.999999996979354, 'Unit': 'µM'}, {'Target': 'M. cells', 'MIC Value': 3.999999996979354, 'Unit': 'µM'}, {'Target': 'H. hepatocarcinoma', 'MIC Value': 3.428958997672269, 'Unit': 'µM'}, {'Target': 'H. lung', 'MIC Value': 3.428958997672269, 'Unit': 'µM'}, {'Target': 'H. prostate', 'MIC Value': 3.428958997672269, 'Unit': 'µM'}]"
GLPVCGETCFGGRCNTPGCTCSYPICTRN,"[{'Target': 'H. histiocytic', 'MIC Value': 30.00000001936503, 'Unit': 'µM'}]"
GLPVCGETCFGGTCNTPGCACDPWPVCTRD,"[{'Target': 'P. aeruginosa', 'MIC Value': 20.00000001547424, 'Unit': 'µM'}, {'Target': 'E. coli', 'MIC Value': 160.000000126762, 'Unit': 'µM'}, {'Target': 'S. aureus', 'MIC Value': 160.000000126762, 'Unit': 'µM'}, {'Target': 'C. albicans', 'MIC Value': 160.000000126762, 'Unit': 'µM'}, {'Target': 'H. histiocytic', 'MIC Value': 3.800000003352844, 'Unit': 'µM'}, {'Target': 'E. coli', 'MIC Value': 160.0, 'Unit': 'µM'}, {'Target': 'Staphylococcus aureus ATCC 29213', 'MIC Value': 160.0, 'Unit': 'µM'}, {'Target': 'Pseudomonas aeruginosa ATCC 27853', 'MIC Value': 20.0, 'Unit': 'µM'}]"
GLPVCGETCFGGTCNTPGCSCETWPVCSRN,"[{'Target': 'H. breast', 'MIC Value': 3.247314987804193, 'Unit': 'µM'}, {'Target': 'H. glioblastoma', 'MIC Value': 14.51549799107501, 'Unit': 'µM'}, {'Target': 'H. lung', 'MIC Value': 3.247314987804193, 'Unit': 'µM'}, {'Target': 'H. prostate', 'MIC Value': 3.247314987804193, 'Unit': 'µM'}, {'Target': 'H. hepatocarcinoma', 'MIC Value': 3.247314987804193, 'Unit': 'µM'}]"
GLPVCGETCVGGTCNTPGCSCSWPVCTRN,"[{'Target': 'H. breast', 'MIC Value': 3.445530843818429, 'Unit': 'µM'}, {'Target': 'P. aeruginosa', 'MIC Value': 80.00000000148404, 'Unit': 'µM'}, {'Target': 'H. cervical', 'MIC Value': 10.20999999795679, 'Unit': 'µM'}, {'Target': 'H. lymphoblastic', 'MIC Value': 4.970000003051706, 'Unit': 'µM'}, {'Target': 'O. carcinoma', 'MIC Value': 11.02999998882025, 'Unit': 'µM'}, {'Target': 'H. glioblastoma', 'MIC Value': 12.81048366445967, 'Unit': 'µM'}, {'Target': 'H. renal', 'MIC Value': 4.190000000325177, 'Unit': 'µM'}, {'Target': 'H. gastric', 'MIC Value': 1.319999999374337, 'Unit': 'µM'}, {'Target': 'C. lymphocytic', 'MIC Value': 1.339999998874399, 'Unit': 'µM'}, {'Target': 'C. albicans', 'MIC Value': 160.000000126762, 'Unit': 'µM'}, {'Target': 'E. coli', 'MIC Value': 160.000000126762, 'Unit': 'µM'}, {'Target': 'H. histiocytic', 'MIC Value': 4.840000003962849, 'Unit': 'µM'}, {'Target': 'H. lung', 'MIC Value': 4.889999998608081, 'Unit': 'µM'}, {'Target': 'M. cells', 'MIC Value': 3.18999999957999, 'Unit': 'µM'}, {'Target': 'H. hepatocarcinoma', 'MIC Value': 3.445530843818429, 'Unit': 'µM'}, {'Target': 'H. skin', 'MIC Value': 3.100000001182964, 'Unit': 'µM'}, {'Target': 'S. aureus', 'MIC Value': 160.000000126762, 'Unit': 'µM'}, {'Target': 'H. lung', 'MIC Value': 3.445530843818429, 'Unit': 'µM'}, {'Target': 'H. prostate', 'MIC Value': 3.445530843818429, 'Unit': 'µM'}, {'Target': 'E. coli', 'MIC Value': 160.0, 'Unit': 'µM'}]"
GPSGFLGMR,"[{'Target': 'E. coli', 'MIC Value': 100.0, 'Unit': 'µM'}, {'Target': 'Pseudomonas aeruginosa ATCC 27853', 'MIC Value': 64.0, 'Unit': 'µM'}, {'Target': 'Penicillium expansum', 'MIC Value': 128.0, 'Unit': 'µM'}]"
GTFPCGESCVFIPCLTSAIGCSCKSKVCYKN,"[{'Target': 'H. histiocytic', 'MIC Value': 0.9599999999125347, 'Unit': 'µM'}]"
GTLPCGESCVWIPCISSVVGCSCKSKVCYKD,"[{'Target': 'P. aeruginosa', 'MIC Value': 160.000000126762, 'Unit': 'µM'}, {'Target': 'E. coli', 'MIC Value': 80.00000000148404, 'Unit': 'µM'}, {'Target': 'S. aureus', 'MIC Value': 10.0, 'Unit': 'µM'}, {'Target': 'C. albicans', 'MIC Value': 20.00000001547424, 'Unit': 'µM'}, {'Target': 'H. histiocytic', 'MIC Value': 0.5200000004372711, 'Unit': 'µM'}, {'Target': 'E. coli', 'MIC Value': 83.33333333, 'Unit': 'µM'}, {'Target': 'Staphylococcus aureus ATCC 29213', 'MIC Value': 10.0, 'Unit': 'µM'}, {'Target': 'Pseudomonas aeruginosa ATCC 27853', 'MIC Value': 160.0, 'Unit': 'µM'}, {'Target': 'Pseudomonas aeruginosa ATCC 27853', 'MIC Value': 10.0, 'Unit': 'µM'}]"
GVPICGETCTLGTCYTAGCSCSWPVCTRN,"[{'Target': 'H. breast', 'MIC Value': 3.351854676256574, 'Unit': 'µM'}, {'Target': 'H. lymphoblastic', 'MIC Value': 7.150000003274907, 'Unit': 'µM'}, {'Target': 'H. renal', 'MIC Value': 2.629999997034125, 'Unit': 'µM'}, {'Target': 'H. lung', 'MIC Value': 7.120000005953523, 'Unit': 'µM'}, {'Target': 'H. glioblastoma', 'MIC Value': 14.91240146331691, 'Unit': 'µM'}, {'Target': 'H. histiocytic', 'MIC Value': 7.450000004317849, 'Unit': 'µM'}, {'Target': 'M. cells', 'MIC Value': 6.309999996452897, 'Unit': 'µM'}, {'Target': 'H. hepatocarcinoma', 'MIC Value': 3.351854676256574, 'Unit': 'µM'}, {'Target': 'H. lung', 'MIC Value': 3.351854676256574, 'Unit': 'µM'}, {'Target': 'H. prostate', 'MIC Value': 3.351854676256574, 'Unit': 'µM'}]"
HKTDSFVGLM,"[{'Target': 'C. albicans', 'MIC Value': 440.7984726170974, 'Unit': 'µM'}, {'Target': 'E. faecalis', 'MIC Value': 440.7984726170974, 'Unit': 'µM'}, {'Target': 'S. mutans', 'MIC Value': 440.7984726170974, 'Unit': 'µM'}, {'Target': 'P. aeruginosa', 'MIC Value': 440.7984726170974, 'Unit': 'µM'}, {'Target': 'E. coli', 'MIC Value': 440.7984726170974, 'Unit': 'µM'}, {'Target': 'S. aureus', 'MIC Value': 440.7984726170974, 'Unit': 'µM'}, {'Target': 'L. acidophilus', 'MIC Value': 440.7984726170974, 'Unit': 'µM'}]"
HSDAVFTDNYTRLRKQMAVKKYLNSILN,"[{'Target': 'E. coli', 'MIC Value': 1.563072297119732, 'Unit': 'µM'}, {'Target': 'C. albicans', 'MIC Value': 13.97747341795485, 'Unit': 'µM'}, {'Target': 'S. mutans', 'MIC Value': 45.08862391168071, 'Unit': 'µM'}, {'Target': 'C. albicans', 'MIC Value': 13.97747341795485, 'Unit': 'µM'}, {'Target': 'E. faecalis', 'MIC Value': 150.2954132879879, 'Unit': 'µM'}, {'Target': 'S. mutans', 'MIC Value': 45.29903756723032, 'Unit': 'µM'}, {'Target': 'P. aeruginosa', 'MIC Value': 1.232422387872606, 'Unit': 'µM'}, {'Target': 'E. coli', 'MIC Value': 1.563072297119732, 'Unit': 'µM'}, {'Target': 'S. aureus', 'MIC Value': 150.2954132879879, 'Unit': 'µM'}, {'Target': 'L. acidophilus', 'MIC Value': 150.2954132879879, 'Unit': 'µM'}, {'Target': 'Streptococcus mutans NCTC 10449', 'MIC Value': 45.32685115368421, 'Unit': 'µM'}, {'Target': 'Staphylococcus aureus ATCC 25923', 'MIC Value': 150.3876946041281, 'Unit': 'µM'}, {'Target': 'Pseudomonas aeruginosa ATCC 27853', 'MIC Value': 1.2331790957538504, 'Unit': 'µM'}]"
INWKKMAATALKMI,"[{'Target': 'E. coli', 'MIC Value': 2.408824301941542, 'Unit': 'µM'}, {'Target': 'P. aeruginosa', 'MIC Value': 9.635297200489962, 'Unit': 'µM'}, {'Target': 'S. aureus', 'MIC Value': 1.791177045559485, 'Unit': 'µM'}, {'Target': 'B. subtilis', 'MIC Value': 2.161765397566661, 'Unit': 'µM'}, {'Target': 'E. coli', 'MIC Value': 2.000000001547424, 'Unit': 'µM'}, {'Target': 'P. aeruginosa', 'MIC Value': 6.999999999770207, 'Unit': 'µM'}, {'Target': 'B. subtilis', 'MIC Value': 2.000000001547424, 'Unit': 'µM'}, {'Target': 'S. aureus', 'MIC Value': 1.0, 'Unit': 'µM'}, {'Target': 'Escherichia coli ATCC 25922', 'MIC Value': 78.0, 'Unit': 'µM'}, {'Target': 'Escherichia coli ATCC 25922', 'MIC Value': 28.0, 'Unit': 'µM'}]"
INWLKLGKKILGAI,"[{'Target': 'E. coli', 'MIC Value': 67.50000002626285, 'Unit': 'µM'}, {'Target': 'B. subtilis', 'MIC Value': 25.00000001887904, 'Unit': 'µM'}, {'Target': 'E. coli', 'MIC Value': 67.50000002626285, 'Unit': 'µM'}, {'Target': 'B. subtilis', 'MIC Value': 25.00000001887904, 'Unit': 'µM'}, {'Target': 'Escherichia coli ', 'MIC Value': 67.5, 'Unit': 'µM'}, {'Target': 'Bacillus subtilis ', 'MIC Value': 25.0, 'Unit': 'µM'}]"
KACPRNCDTDIAYMVCPSSGERIIRKVCTNCCAAQKGCKLFRSNGSIKCTGT,"[{'Target': 'Staphylococcus aureus ATCC 29213', 'MIC Value': 1.4629524534257585, 'Unit': 'µM'}, {'Target': 'Escherichia coli ATCC 25922', 'MIC Value': 1.4286645052985922, 'Unit': 'µM'}]"
KSCCPSTTARNIYNTCRLTGASRSVCASLSGCKIISGSTCDSGWNH,"[{'Target': 'H. renal', 'MIC Value': 3.199999997642846, 'Unit': 'µM'}, {'Target': 'H. histiocytic', 'MIC Value': 1.799999999571832, 'Unit': 'µM'}]"
LDPKVVQSLL,"[{'Target': 'C. albicans', 'MIC Value': 200.0000001547424, 'Unit': 'µM'}, {'Target': 'B. cinerea', 'MIC Value': 200.0000001547424, 'Unit': 'µM'}, {'Target': 'S. aureus', 'MIC Value': 200.0000001547424, 'Unit': 'µM'}, {'Target': 'E. coli', 'MIC Value': 200.0000001547424, 'Unit': 'µM'}, {'Target': 'Staphylococcus aureus ATCC 12600', 'MIC Value': 200.0, 'Unit': 'µM'}, {'Target': 'Escherichia coli ATCC 11775', 'MIC Value': 200.0, 'Unit': 'µM'}, {'Target': 'Candida albicans ATCC 10231', 'MIC Value': 200.0, 'Unit': 'µM'}]"
LNLKALLAVAKKIL,"[{'Target': 'Staphylococcus aureus NCTC 10788', 'MIC Value': 2.0, 'Unit': 'µM'}, {'Target': 'Staphylococcus aureus ATCC 25923', 'MIC Value': 4.0, 'Unit': 'µM'}, {'Target': 'Staphylococcus aureus ATCC 12493', 'MIC Value': 4.0, 'Unit': 'µM'}]"
LRQSQFVGSR,"[{'Target': 'S. aureus', 'MIC Value': 41.99999996151961, 'Unit': 'µM'}, {'Target': 'E. coli', 'MIC Value': 10.99999999599241, 'Unit': 'µM'}, {'Target': 'P. aeruginosa', 'MIC Value': 21.00000001286615, 'Unit': 'µM'}, {'Target': 'C. albicans', 'MIC Value': 41.99999996151961, 'Unit': 'µM'}, {'Target': 'Escherichia coli O-157 ', 'MIC Value': 10.6, 'Unit': 'µM'}, {'Target': 'PseudµMonas aeruginosa ', 'MIC Value': 21.3, 'Unit': 'µM'}, {'Target': 'Vibrio vulnificus ', 'MIC Value': 42.5, 'Unit': 'µM'}, {'Target': 'Staphylococcus aureus ', 'MIC Value': 42.5, 'Unit': 'µM'}]"
LVTLVFV,"[{'Target': 'E. coli', 'MIC Value': 128.0, 'Unit': 'µM'}, {'Target': 'Staphylococcus epidermidis ATCC 12228', 'MIC Value': 128.0, 'Unit': 'µM'}, {'Target': 'Staphylococcus aureus ATCC 29213', 'MIC Value': 128.0, 'Unit': 'µM'}, {'Target': 'Escherichia coli ATCC 25922', 'MIC Value': 128.0, 'Unit': 'µM'}]"
MAIVGTIIKIIKAIIDIFAK,"[{'Target': 'S. epidermidis', 'MIC Value': 64.00000000237446, 'Unit': 'µM'}, {'Target': 'S. group', 'MIC Value': 64.00000000237446, 'Unit': 'µM'}, {'Target': 'S. aureus', 'MIC Value': 64.00000000237446, 'Unit': 'µM'}, {'Target': 'E. coli', 'MIC Value': 128.0, 'Unit': 'µM'}, {'Target': 'Staphylococcus epidermidis ATCC 35984', 'MIC Value': 64.0, 'Unit': 'µM'}, {'Target': 'Staphylococcus aureus USA 300', 'MIC Value': 64.0, 'Unit': 'µM'}, {'Target': 'Escherichia coli ATCC 25922', 'MIC Value': 128.0, 'Unit': 'µM'}]"
MGIIAGIIKFIKGLIEKFTGK,"[{'Target': 'E. coli', 'MIC Value': 128.0, 'Unit': 'µM'}, {'Target': 'Escherichia coli ATCC 25922', 'MIC Value': 128.0, 'Unit': 'µM'}, {'Target': 'Bacillus subtilis ATCC 23857', 'MIC Value': 128.0, 'Unit': 'µM'}]"
MGIIAGIIKVIKSLIEQFTGK,"[{'Target': 'S. epidermidis', 'MIC Value': 64.00000000237446, 'Unit': 'µM'}, {'Target': 'S. group', 'MIC Value': 64.00000000237446, 'Unit': 'µM'}, {'Target': 'S. aureus', 'MIC Value': 64.00000000237446, 'Unit': 'µM'}, {'Target': 'E. coli', 'MIC Value': 128.0, 'Unit': 'µM'}, {'Target': 'Staphylococcus epidermidis ATCC 35984', 'MIC Value': 64.0, 'Unit': 'µM'}, {'Target': 'Staphylococcus aureus USA 300', 'MIC Value': 64.0, 'Unit': 'µM'}, {'Target': 'Escherichia coli ATCC 25922', 'MIC Value': 128.0, 'Unit': 'µM'}]"
PGMGIYLPM,"[{'Target': 'H. nasopharyngeal', 'MIC Value': 0.05999999994699769, 'Unit': 'µM'}]"
RPKPQQFFGLM,"[{'Target': 'E. coli', 'MIC Value': 4.226559614859034, 'Unit': 'µM'}, {'Target': 'C. albicans', 'MIC Value': 5.932013490175609, 'Unit': 'µM'}, {'Target': 'S. mutans', 'MIC Value': 126.796788235658, 'Unit': 'µM'}, {'Target': 'C. albicans', 'MIC Value': 6.006163660369623, 'Unit': 'µM'}, {'Target': 'E. faecalis', 'MIC Value': 370.7508428422436, 'Unit': 'µM'}, {'Target': 'S. mutans', 'MIC Value': 127.2416895046818, 'Unit': 'µM'}, {'Target': 'P. aeruginosa', 'MIC Value': 11.64157646328387, 'Unit': 'µM'}, {'Target': 'E. coli', 'MIC Value': 4.226559614859034, 'Unit': 'µM'}, {'Target': 'S. aureus', 'MIC Value': 370.7508428422436, 'Unit': 'µM'}, {'Target': 'L. acidophilus', 'MIC Value': 54.94527495434762, 'Unit': 'µM'}, {'Target': 'E. coli', 'MIC Value': 5.999999994699767, 'Unit': 'µM'}, {'Target': 'P. aeruginosa', 'MIC Value': 12.99999999081527, 'Unit': 'µM'}, {'Target': 'C. albicans', 'MIC Value': 25.00000001887904, 'Unit': 'µM'}]"
SYSMEHFRWGKPV,"[{'Target': 'B. anthracis', 'MIC Value': 100.0, 'Unit': 'µM'}, {'Target': 'B. subtilis', 'MIC Value': 100.0, 'Unit': 'µM'}, {'Target': 'B. thailandensis', 'MIC Value': 49.9999999613144, 'Unit': 'µM'}, {'Target': 'Burkholderia thailandensis', 'MIC Value': 50.0, 'Unit': 'µM'}, {'Target': 'Bacillus subtilis ATCC 9372', 'MIC Value': 100.0, 'Unit': 'µM'}, {'Target': 'Bacillus anthracis Sterne 34F2', 'MIC Value': 100.0, 'Unit': 'µM'}]"
YPSKPDNPGEDAPAEDMARYYSALRHYINLITRQRY,"[{'Target': 'E. faecalis', 'MIC Value': 43.78595062532608, 'Unit': 'µM'}, {'Target': 'E. coli', 'MIC Value': 10.88312739655708, 'Unit': 'µM'}, {'Target': 'P. aeruginosa', 'MIC Value': 43.78595062532608, 'Unit': 'µM'}, {'Target': 'C. albicans', 'MIC Value': 43.78595062532608, 'Unit': 'µM'}, {'Target': 'S. mutans', 'MIC Value': 43.78595062532608, 'Unit': 'µM'}, {'Target': 'A. simii', 'MIC Value': 4.680915011707444, 'Unit': 'µM'}, {'Target': 'C. albicans', 'MIC Value': 56.91992655065668, 'Unit': 'µM'}, {'Target': 'E. coli', 'MIC Value': 10.88312739655708, 'Unit': 'µM'}, {'Target': 'E. faecalis', 'MIC Value': 29.20890969441335, 'Unit': 'µM'}, {'Target': 'S. mutans', 'MIC Value': 49.36024878987337, 'Unit': 'µM'}, {'Target': 'C. albicans', 'MIC Value': 5.851143764525762, 'Unit': 'µM'}, {'Target': 'P. aeruginosa', 'MIC Value': 31.43234430327285, 'Unit': 'µM'}, {'Target': 'C. neoformans', 'MIC Value': 7.02137251666095, 'Unit': 'µM'}, {'Target': 'S. aureus', 'MIC Value': 117.0228753810572, 'Unit': 'µM'}, {'Target': 'L. acidophilus', 'MIC Value': 66.39877942090845, 'Unit': 'µM'}, {'Target': 'Streptococcus mutans NCTC 10449', 'MIC Value': 49.39034405869868, 'Unit': 'µM'}, {'Target': 'Staphylococcus aureus ATCC 25923', 'MIC Value': 117.0942248902292, 'Unit': 'µM'}, {'Target': 'Pseudomonas aeruginosa ATCC 27853', 'MIC Value': 31.451508805515562, 'Unit': 'µM'}, {'Target': 'Lactobacillus acidophilus NCTC 1723', 'MIC Value': 66.43926320271605, 'Unit': 'µM'}, {'Target': 'Escherichia coli ATCC 25922', 'MIC Value': 10.889762914791316, 'Unit': 'µM'}]"
