Sequence,logMIC,Predicted Values
SMLSVLKNLGKVGLGFVAAKIAKQA,1.301029996,1.2200286
AAKHAAHRA,2.729534801,1.5153364
SRWRWKS,2.843232778,1.5067531
GLWSKIKEVGKEAAKAAAKAAGKAALGAVSEAV,0.626165985,0.7934436
MKVRASVKKICDKCKIIKRKGIVRVICETPKHTQRQG,4.0,3.9786654
MEMKKIACGVLFAAASMTAVMAAEEVGAPAPGPASAASAALPALGSLVGASLVSLFSYYLH,4.0,3.9739263
STAHLVLRLRGG,2.0,2.0766287
GILSSFKGVAKGVAKDLAGKLLETLK,0.799340549,1.1193438
KWKLFKKIGIGAVLKVLT,-0.301029996,0.87511957
MKRTFQPSELKRKRIHGFRARMATKAGRQVLARRRAKGRHSLTV,4.0,3.9792747
MRMTRVRSLCLAYARCVRLGVFRCISLRGWAPYRAVETVLVQSALTSVERLHEMFRVY,4.0,3.9763005
MFDAFTLVVSQADTRGEMLSTAQIDALSQMVAESNKYLDAVNYIT,4.0,4.127786
MQKDSEKVTYMFSNLIGFLETAIIEGTASQEENTLYEDYKLFGTIDKKSYTYKNLVHKYLKSDY,4.0,4.003084
MPKMKTNKSVSARFKLTASGQLKRTRPGKRHKLSKKSSQEKRNLSKQPLVDKGQVGMYKRMMLV,4.0,3.9626245
NSELINAILGSPTLMGEV,4.0,3.773926
MSLPRNVIPMPRSRFLRVKCIDCGNEQIVFSHPATRVRCLVCGATLVEPTGGKGIVKAKILEVLE,4.0,3.967858
MDIVKSINTSVDAVLDELDCAYFAVTLKVEFKTGKLLVCIGFGDTLLAARDKAYAKLGLSTI,4.0,4.007078
MRELIRLVSSAGTGHFYTTDKNKRTTPDKIEIKKFDPVVRKHVIYKEGKIK,4.0,3.9618764
VIPIVSGLLSSLL,0.901855507,2.0667048
FLGKVFKKVSKVFPAVFGKV,1.157763713,1.2382092
MRKLRGGQTRETRKQKQERREENQKIQQQLKTIVLPICGVVFLCIVAYVFLKTRPRFEEL,4.0,3.964304
MAVQKNKPTRSKRGMRRSHDYLKIPLLSKDKLSGEIHIRHHITKNGYYKGKKVI,4.0,3.9619737
KWKLFKKIEKVGQGIGAVLKVLTTGL,0.008098179,0.44397184
GIGKFLHSAKKF,2.301029996,1.6675574
MGDGMRRLSRAHRCRIGCFEPGLRVRMVGISSLKDIDGAVVLNSDKHLDPHWRRQEPRMA,4.0,3.4418554
MPAIQPPLYLTFLLLILLYLIITLYVWTILTINHKTAVRYAALYQRSCSRWGFDQSL,4.0,3.9837956
AIANAPLLDTTITDRVFFD,4.0,3.9714842
LCYTRPRFTVCV,-0.017558619,2.6494088
GFCWNVCVYRNGVRICHRRCN,-0.071766522,-0.4403807
DVNELNDVEERRAVVPQVWEIDIMITKHNDEIIQIEER,4.0,4.041667
MTTDPKMLELLVCPITGGNLSFNRKTQELISLKAKLAYPIRDGVPIMLASEARPL,4.0,3.951715
MLNYVTSRYLATFLQPLSQKWIAFLLKKIFSKRSSIRKTLPFS,4.0,3.747726
SKCRQWQWKIRRTNP,2.340444115,1.3059274
MSLDLVGMYGSFLSEGANLRPFGRYAKIPRIGSHMTRYVEFLRRRISGRA,4.0,3.6243153
KRSKRKRRIHQRVRIS,1.375982367,1.6219358
RRIIIRWRRI,0.699259438,1.0794736
GLRKRLRKFRNKIKEILKKIGQKIQGLLPKLAPRTDY,0.558857538,0.4710232
MPRIVYCAFCGSPIKPGEGISYVKNDGTVLRYCSSKCFKSAIKYHRDPRRQKWVRKQVAHGSS,4.0,3.9511657
ILPWKWPLLPWRR,1.152278747,1.1059557
MKVRASVKKICDNCRLIRRRKRIMVVCSNPKHKQRQG,4.0,3.9698553
MGKPTFQPNNRKRKKVHGFRARMSTKNGRKVLARRRKKGRKVLSA,4.0,3.983171
FGVLAKVAAHVVPAIAEHF,1.758150895,1.9719348
MAVPKKKTSKSKRNQRHAVWKAKAATAAQRALSIGKSVLSGRAQGFVYPVAEADDSES,4.0,3.9699674
IWRIFRRIFRIF,0.77815125,1.0077314
DPYAFGL,4.0,4.0107665
MVEPLLSGIVLGLVPVTIAGLFVTAYLQYRRGDQATW,4.0,3.9787233
GIWKTIKSMGKVFAGKIKQNL,1.397940009,1.2168628
MAFDKKLLEIVACPVCKGKLEYDKANQQLICKADRLAYAINEGIPVLLENKATPWNEEA,4.0,3.972975
MQVNDLGFIATILFVLVPTVFLLILYIQTRKETEG,4.0,3.9682407
KWFRVYRGIYRR,0.886490725,0.917086
LSSGEKDLVVIGSGPGGYVAAIKAAQLGMLTVCIEKYPTFGGTCLNVGCIPSK,4.0,3.9980948
GRPNWGFENDWSCVRVC,2.0,3.1344247
GWRTLLKKAEVKTVGKLALKHYL,0.311160863,0.7766919
MAEHIILECTECGDRSYLSEKNKRKHPERLALKKYCPVERKVTLHRETK,4.0,3.9675236
MAKVCYFTGRKTVSANNRSHAMNKTKRVAKPNLQKVTVLIDGKPKKVWASARALKSGKVERV,4.0,3.9694047
MSYKCSRCKRDVELDEYGGVRCPYCGHRVLLKERSRDIKEVEVE,4.0,3.9529724
MKRTFQPSILKRNRSHGFRIRMATKNGRYILSRRRAKLRTRLTVSSK,4.0,3.9742036
AGAYTLFGKAIPPHHLAIATIGTVVALVAPKPWSPKVKLEPKIDASSPEEEKFIKEYLEKHL,4.0,3.9597259
GFIVKRFKILV,1.986771734,1.6140587
AANIPFKVHFRCKAAFC,2.716050804,1.0737011
GSKRWRKFEKKVKKALEDAKEKLQVSSSTIFFLFKLTFSGGIILLRKNEYRRSSNILKRLYR,1.429531469,2.5100517
KLKAGLAKWKAGLAKLKAGLA,1.175545178,0.71296203
MTTLFQLSVFALIILSFLLVIGVPVVLASPDGWSTRKNTVFSGASLWIGLVFLVGILNSFIS,4.0,3.9668593
GWLQLAQHLLQLGQHLLQLAQQLRRR,2.204119983,1.6113837
KYGPALVIAVKKSCSLTFRA,2.075369054,1.4300544
MGQEQGTPWIQSTGHISTQKEEDGQKIPKLEHRNSTQLMGHYQKTMNQVAMPKQIVY,4.0,3.798638
MAKPATVKIKLVSTADTGFYYVTKKNPRNITEKMTFRKYDPVVRKHVEFKEAKIK,4.0,3.97316
GLPVCGETCAGGTCNTPGCSCSWPICTRN,1.511883361,2.4998212
GILSGILGVGKMLVCGLSGLC,0.563502008,0.95835024
GFGGGRGGFGGGRGGFGGGGIGGGGFGGGYGGGKIKG,1.294227912,1.603304
GLLCYCRKGHCKRGERVRGTCGIRFLYCCPRR,0.954242509,1.0706455
RRGFWKRLRRRLRRFGDRIRNRFRNFREKLPDPFPG,-0.387216143,0.6142857
KRKILILIKRKRK,1.204119983,1.2654858
MLGGGLVGLAILFFVLALIFAILGARGVAGMSMSVAKWLVIIFIVLAIISLLL,4.0,3.9858818
GWWRRTVAKVAK,1.096910013,1.1899607
MRFYFYSQAVDESGVTR,4.0,4.0527844
YPVKPENPGEDAPTEELAKYYTALRHYINLITRQRY,4.0,2.9209414
MAKKSMIVRNARQPKYAVRHHNRCKLCGRPHAYIRKFGICRICFRELAYKGELPGVKKASW,4.0,3.9640813
MFSWKKVLFKGVIAVLSLFVFAVAVFFVGMALLTLDPKDRCLDYGGRYDDATKICEK,4.0,3.963373
GLPALISWIKRKRQ,0.795483171,1.4433395
ILPWKWPWLPLRR,1.754338738,1.0747331
MIYRELNRALAIL,4.0,3.6952333
KWKKFIKSLTKSAAKTVVKTAKKPLIV,-0.483271738,0.16271597
MKRTFQPSNIKRVRNHGFRARMATKNGRLVLARRRAKGRKQLTRV,4.0,3.9814663
KRIRFFERIRDRLRDLGNRIKNRIRDFFS,1.227038923,0.6024625
FKVVISKPGLSVRVGTALVT,1.791011236,3.1722624
QAARPRF,4.0,3.2754548
GLRKRLRKFRNKIKEKLKKI,0.505149978,0.38917723
KSGGGGWGSGGGGGGGGGWWWSGWGVDR,1.38759799,2.9810252
MRDLKTYLSVAPVVSTLWFAALAGLLIEINRLFPDALIFPFFSF,4.0,3.9789937
MFQISNLLIAADFSAEVANNSAVGMIGSFIAAALLIVVPATAFLIFVSQKDSLDRTSTGRR,4.0,3.9874384
MPQLLPTPWFTIFIYAWMVLLAVIPLKILSYVYPNHNYLRGLQKPSEHSWFWPWS,4.0,3.9859347
GLRKRLRKFRNKRKEKLKKIGQKIQGLLPKLAPRTDY,0.826190767,0.62309957
MKVRPSVKPICEKCKVIKRKGKVMVICENPKHKQKQG,4.0,3.971415
RWCFRVCYRGICYRKCR,-0.41610342,-0.4961173
KSLRPRCWIKIKFRCKSLKF,1.118356772,0.9972669
MTNKNDSKDMRKNVSKGDNPGQPEPLDGSKKVKNRNHTRQKHNTSHDM,4.0,3.9561071
MKIKASVKPRCEKCRIIRRNGRVMVICENPKHKQKQG,4.0,3.9697194
AKKVFKRLEKSFSKIQNDK,1.638981549,1.536351
MKVNDRVTVKTDGGPRRPGVVLAVEQFSEGVMYLVSLEDYPLGIWFFNEMGHSDGIFVELAE,4.0,3.9728465
GLLSLLSALGKLL,1.397940009,1.2081482
RRSKARGGSRGSKMGRKDSKGGSRGRPGSGSRPGGGSSIAGASRGDRGGTRNA,0.546336983,1.7337359
QHSSGKSDVRRW,2.0,2.424964
AGRQWIKAYLRREIRKVGRKARIAW,0.0,0.35300836
FLPLIAGLAANFLPKIFCAITKKC,1.414973348,1.1801658
SKVWRHWRRFWHRAHRKK,0.795880017,1.1473776
INWLKLGKAIIDAL,2.358438292,1.6973941
MSRNKELGRKIRLMKKVKQNRRVPGWVMMRTARKVTQNPLRRNWRRGNLKI,4.0,3.485501
ILKKIWEGIKSLF,-0.107905397,0.9882332
GNGNLLGGLLRPVLGVVKGLTGGLGKK,1.116424901,1.0628811
MDNLYSQINSEININVLKLCRLISKNFNNGPEPKELYKLWIDALPKEVTEDFVIEESKPETNLDD,4.0,4.0239363
VATVDCSDYPKPACTLEYMPLCGSDNQTYSNKCSFCNAVVDSNGTLTLSHFGKC,4.0,4.002281
MEGGMAAYPVATRESRCRRGRIGVQPSPERRSEVVGPFPLARSLS,4.0,4.0800595
KWLKKLLKKLL,0.15154155,1.1189138
FIIWPLRYRK,2.254667907,1.4486799
MGWLADYWWVVLLVLAGMLIGGVKALRRVDATSYLKNRPELPPHRDNNAQWDEEDDWPKKP,4.0,3.9295564
MKKVEIKKKTIKELNIELMNLLREQFNLTLQHSAKKLQQSHLLQHVRRNIAQVNTILAEKEKECD,4.0,3.9548612
MKKWECVVCGFIYDEAEGLPDEGIEPGTAWNNVPEDWVCPDCGVGKDDFEMVEI,4.0,3.9642074
CWSCMGHSCWSCMGHSCWSCAGHSCWSCMGHSCWSCMGHSCWSCAGHCCGSCWHGGM,1.19092252,1.8136669
GVVVRVGRVVVRWVRR,1.812913357,1.2047911
LIGSLFRGAKAIFRGARQGWRSHKAVSRYRARYVRRPVIYYHRVYP,0.053078443,1.9403168
QDNSRYTHFLTQHYDAKPQGRDDRYSESIMRRRGLTSPSKDINTFIH,1.0,3.7866247
MKVRASVKAICRNCKIIKRHGVVRVICSEPKHKQRQG,4.0,3.9770837
MVEPLLSGIVLGLIPVTLIGLFVAAYLQYRRGNQFEF,4.0,3.9717343
RRLLRRLRR,2.0,1.5527545
ALWKTLLKKVLKA,1.096910013,1.1400242
CLGIGSCNDFAGCGYAVVCFW,1.767654568,1.7841145
LNWGAFLKHFFK,0.889301702,1.0822345
GFRKRFNKLVKKVKHTIKETANVSKDVAIVAGSGVAVGAAMG,0.792391689,0.3352747
DIYNYMEPYVSKVDPTDYFGNEQARTAWVDSGAQLGELSYGVLFNIQYVNYWFAP,4.0,4.035346
SWIKKDKFPSSTGPYNPNPPPPRF,2.0,2.141838
MRLSANRQGNTCAGRSVNA,4.0,3.8844342
IWWKWRRWV,0.87433856,0.6706488
MEVNILAFIATALFILVPTAFLLIIYVKTISQSD,4.0,3.9665947
GLHKVMREVLGYERNSYKKFFLR,1.019101503,1.1042664
MKRTYQPSVTRRKRTHGFRVRMKTRGGRAILNARRAKGRKRLAV,4.0,3.98281
VMNLWPGVRLRVTEGWDEDGHHSEESLHYEGRAVDITTSDRDRNKYAMLARLAVEAGF,4.0,3.9841285
MLHYAIVFFIISIIAGVFGFSGISAATAGIAKLFFIVFLVLAVLAILAGVAGLHAL,4.0,3.9915369
FLGALWKALSKLL,1.806179974,1.1900225
INWKKMAATALKMI,1.440943794,1.2142304
VDKPDYLPRPRPPRRIYNR,0.136977425,0.4765654
IFGAIWKGISSLL,1.707943076,1.5725458
MAKNKGVRIVVTLECTECRSNTDKRSQGVSRYTTEKNRRNTTERLEIKKFCPHDNKMTVHKEIK,4.0,3.9697978
LAHRYH,0.301029996,2.5178187
GKSEEELAEFFRIFDKNADGYIDAEELAEIIRSSGEHVTDEEIEELMKDGDK,4.0,3.9473996
MEALVYTFLLVGTLGIIFFSIFFREPPRIIK,4.0,3.961339
QERRQSPE,4.0,3.4180183
GFLGPLLKLGLKGAAKLLPQLLPSRQQ,1.684246747,1.0120542
QINGSYKLEKSDNFDAFLKELGLNFVTRNLAKSATPTVEVSVNGDSYTIKTASTLKNTEISFKL,4.0,3.922972
GMATKAGTALGKVAKAVIGAAL,1.982271233,1.3516121
MIKVKLVRSWIGCKPKQRKVLDALGLRKIRCEKSFEDNAAIRGMIAEVKHLVEVSE,4.0,3.9780867
LNLRALLAVARRIL,0.602059991,0.95043397
AATAATAATAATAATAATAATAATAATAATA,4.0,3.2235634
KKFATIAKKFINYLW,0.630953462,0.84771395
KKSFFKKLTSVASSVLS,1.838351856,0.9856348
MAVPKRKMSRSNTRHRRSQWKAAVPTLVACERCHEPKLQHIACPSCGTYNKRQVLEV,4.0,3.9794931
RKIKRYLRRMIIW,2.339201363,1.2775753
GTGITEEFEEVPVQSRGFGILDVGYR,4.0,3.6735764
METAALVAISISRLLVSFTGYALYTAFGQPSEQLRDPFEEHED,4.0,3.9559026
MKISRILLAAVILSSVFSITYLQSDHNTEIKVAADRVGA,4.0,3.9507303
VKLLVYPLKVKLYP,1.545477562,1.4116613
MKVKIGLKCSDCEDINYSTTKNAKTNTEKLELNKFCPRENKHTIHKEIKLKS,4.0,3.9770854
MKVKGSLKSHRNRDKNCKVVKRGGKIYIINKVKPRCKARQGS,4.0,3.9706135
MNISDIRGLSDTEIKKKLEDSHKELFELRLKLSTRQLVNHRELPRVKNDIARILTVMRERELQIR,4.0,3.9699652
GYGGHGGHGGHGGHGGHGGHGHGGGGHG,1.135198787,1.4186404
MRNFEKMTKRSNRNARDFEATKGRKLNKTKRDRSHKRSWEGQ,4.0,3.8525028
FIIGGLFSAGKAIHRLIRRRRR,1.994317153,1.4870477
MKVQELREKNLSELGKELLSLRRAQFGLRLQHRTQQLANVSQINKVRKDIARLKTIIREKTGQL,4.0,3.9610343
MPKMKTKSSAKKRFSIRAGGSIKRGQAFKRHILTKKTTKVKRHLRGATAVHERDAASVRAMMPYA,4.0,3.973371
FWGFLGKLAMKAVPSLIGGNKSSSK,1.380211242,1.3569815
HHHLFGHVGHEVERSLHKVGHKLEHACHEVHKTAKKVQK,1.255272505,0.6045911
DAECEICKFVIQQVEAFIESNHSQAEIQKELNKL,1.0,2.7590086
MAKVKITLVKSLIGRKKDQIATVNALGLKKIGNIVQHEETPQISGMIKKVSYLLKVEEA,4.0,3.9769964
EDLAKALAKK,3.663027221,2.6049595
ALWDTLLKKVLKAAAKAALDAVLVGANA,1.471375527,1.3677161
RSQPGPTCPSSVQAILCDNRCGRSACSYYIERCACCAKCNRIPYYGASNHP,2.0,2.0969827
LCAAHCLAILRR,1.211673223,1.2382307
VVFCDAGITCPSGTTCCRSPFGVWYCCPFLMGQCCRDGRHCCRHGYHCDSTSTLCLR,4.0,3.7433126
IIRKIIRK,2.519497054,1.9246206
APKAMHSAKKFGKAFVGEIMLQKKGI,1.35648055,1.030844
ESLAKALSKEALKALK,0.0,1.4202852
TTMPLW,2.285557309,3.7424865
MKTASFILSFVVLLIVIITWIGEVSAVSEPEPVAKATAHAAAVHVPPICSHRECRK,4.0,4.0330925
MDIRLLIVLLPVLAAASWALYNIGRVALQQFRSM,4.0,3.9676733
MCSYYHMKKRSVSGCNITIFAVMFSHLSAGKSPCGNQANVLCISRLEFVQYQS,4.0,4.0399375
RPWAGNGSVHRYTVLSPRLKTQ,-0.060480747,2.1395192
GGHGIRRIIRKIIHIIKKGGC,0.477121255,0.8116594
WKKAWKPGAKKWAK,1.806179974,1.4789075
RFRWPIRRRPIRPPFYW,0.602059991,0.6932548
KLQLPTLDDPVPIGIAPAIT,4.0,3.9358094
AIPFIFIWRLLRKG,0.274157849,0.7626902
QKKDKKDKFYGLF,4.0,3.345316
DTDILAAFRVTPQPGVPPEEAGAADVTLGFVDLLRWSPELAAACEIWK,4.0,4.0835886
YCNGKRVCVC,1.941425528,1.3505088
PRPPHPPRPPHPRL,0.903089987,0.965806
GVIPCGESCVFIPCISTLLGCSCKNKVCYRN,2.144893196,1.1481575
MPRRRRASRPVRRRRRPRVSRRRRRGGRRRR,4.0,3.9162154
MNEFKRCMRVFSHSPFKVRLMLLSMLCDMVNNKPQQDKPSDK,4.0,3.955268
MASKGGRDKIKLESTAGTGHFYTTTKNKRTMPEKMEIMKFDPVARKHVAYKETKIK,4.0,3.9666586
RMPSLSIDLPMSVLRQKLSLEKERKVQALRAAANRNFLNDI,4.0,3.7635946
INWSSIFESVKNLV,2.0,1.7069845
SVIFGCTKSIPPICFVGF,1.893849666,2.2384014
AGEPANNEDRFNY,4.0,4.103566
MAKTIKVTQTKSSIGRLPKHKATLLGLGLRRIGHTVEREDTPAVRGMVNLVSYMVKVEE,4.0,3.9729629
HIAHHTLPCKCPICGKPFAPWLLQGHIRTHTGESPSVCQHCNRAFA,4.0,3.9537299
MSRNKELGRKIRLMKKIKQNRRVPGWVMMRTARKVTQNPLRRNWRRGSLKI,4.0,3.527578
GLLSKVLGVGKKVLCGVSGLC,0.698970004,0.8228632
MATKSDEPVFYPVFTVRWLAVHTLAIPTVFFLGAIAAMQFIQR,4.0,3.9636605
TDCGGKTCSEAQVCKDGKCVCVIGQCRKYCPNGFKKDENGCTFPCTCA,4.0,3.573554
MKAKELREKSVEELNTELLNLLREQFNLRMQAASGQLQQSHLLKQVRRNIARVKTLLTEKAGA,4.0,3.970244
NKLKPSQWISL,4.0,2.6907005
INGMPEEVVAA,3.0,4.0517817
VWRHW,2.0,1.9891179
VNFLLHKIYDNIRYS,0.614580065,2.2659533
GIMSSLMKKLAAIIAK,0.556302501,1.005955
MEALVYVFLLTGTLMVIFFAIFFREPPRIAK,4.0,3.9659808
MRTKITLACTECKQRNYDSMKNKKNNPDRLEMNKYCRFCKKHTLHRETK,4.0,3.9729683
QICTNCCAGRKGCSYFSEDGTFICKGESNPENPKACPRNCDGRIAYGICPLS,4.0,3.8666744
MADKSDLGYTGLTDEQAQELHSVYMSGLWLFSAVAIVAHLAVYIWRPWF,4.0,3.9496884
FLGGLIKKWPWWPWRR,0.565253469,0.9145377
MAKKALVNKANKKPKFKVRGYTRCQRCGRPHAVFRKFGLCRICLREMAHAGELPGVQKSSW,4.0,3.9715357
LKLSPKTKDTLKKVLKGAIKGAIAIASMA,0.836745966,0.9966656
ENFAGGCIPGYMRTADGRCKPTY,4.0,3.8796668
KPKGMTSSQWFKIQHMQPSPQACNSAMKNINKHTKRCKDLNTFLH,-0.30980392,0.97422177
KKAFAAAAAFAAWAAFAKKKK,1.166331422,1.2635903
MLKYAIIFAIISLIAGALGFTGVAAGSAAIAKVLFVVFLVLAVLFVVLALLGIGAARKAIK,4.0,3.9918232
GGGGGSGETSGMWFGPRL,4.0,4.0109034
MPTITSYFGFLLAVLTITSGLFISLRKLRLI,4.0,3.9602787
MYKKDVIDHFGTQRAVAKALGISDAAVSQWKEVIPEKDAYRLEIVTAGALKYQENAYRQAA,4.0,3.9713902
RKKRRQRRRCWTKSIPPKPC,2.10720997,1.0882003
NLLKSALKTVNKLLAAS,1.505149978,0.9479281
RFARRFARRFARRFARRFARRFARRFARRFAR,1.042382515,0.9294177
LLKLLLPKLKGLLFKL,1.086359831,1.2568238
MSKFYKIWMIFDPRRVFVAQGVFLFLLAVMIHLILLSTPSYNWLEISAAKYNRVAVAE,4.0,3.9529166
GPDSSFLRL,4.0,4.0917006
ALWMTLLKKVLKAAAKALNAVLVGANA,0.602059991,0.9739344
FLGGVFKGASKVFPAVFGKV,2.095421365,2.0588832
KKIGKKIERVGQHTRDATIQTIAVAQQAANVAATLKG,-1.0,0.31115928
MKFIDLKDKDIAELQKMLKEKKSLLFEKRLQLKTMQLTNPSEIKVIRKDIARINTALSAKKD,4.0,3.9717236
IDWKKLPDAAKQIL,3.010299957,2.3040216
MPQMAPISWLLLFIIFSITFILFCSINYYSYTPNSPKSNELKNINLNSMNWKW,4.0,3.9546702
MYVCLCNGISDKKIRQAVRQFSPHSFQQLKKFIPVGNQCGKCVRAAREVMEDELMQLPEFKESA,4.0,3.9470637
STLHLALRLRGG,2.0,1.6367786
VSWKKSLGKIIKVVK,0.079181246,1.0547539
MIIPVRCFTCGKVIGDKYYEFKRRVEAGEDPEKVLDDLGLERYCCRRMLLSHVELIDDIMHYKVY,4.0,3.9678197
TDTKESDFLAEGGGVR,4.0,4.0364113
VFRLKKWIQKVI,2.108472132,1.3040633
RRWWWR,1.352182518,0.9458164
FLPVLTGLTPSIVPKLVCLLTKKC,2.124938737,1.601665
MAFDKKLLDIVACPVCKGKLEYDKTTQQLICKADKLAYPITEGIPVLLENRAVPLTESV,4.0,3.9756203
MESVAYILILTMALAVLFFAIAFREPPRIEK,4.0,3.9627943
MAKLKTRRGAAKRFKATANGFKRKQAFKRHILTKKSAKRIRQLRGCVMVHVSDMNSVRRMCPYI,4.0,3.977987
MEALVYTFLLIGTLGIIFFAIFFREPPRIVR,4.0,3.963728
WDYIGSPTNVIMVISTSLMLFAGRFGLAPSANR,4.0,3.8076017
RLWLAWKRR,0.477121255,1.039599
AGGADNFMRF,4.0,4.012762
LPLNTIPRPPYFPGKLPPRGGHLFPPTCVCVRSPCPCDQNWG,0.971971276,1.2098671
SPAVQEKAAWPELVGKTPEEARAQILLDKPNANVVVLEHHD,4.0,3.9765778
GIGSAILSAGKSALKGLAKGLAEHFAN,0.0,0.9944796
RLGNFFRKVKEKIGGGLKKVGQKIKDFLGNLVPRTAS,0.144833565,0.51926327
GVVKRIKTVV,2.301029996,2.2590828
HFLGTLVNKAKKIL,2.10720997,1.6895833
NNNPRPPYLPRPRPP,1.806179974,1.1069406
GLFDIWKKWRWRR,1.529372116,1.091488
DAACAAKCLWR,2.219169616,2.0991526
ISIVSLFKAITDMLLTEQIYANYFSTPRLRFYPI,4.0,3.801471
QQCVKKDELCIPYYLDCCEPLECKKVNWWDHKCIG,4.0,2.940976
FIGGLRRLFATVVGTVVCAINKLGGG,0.678888616,1.0367434
MLQSFIKKVWVPMKPYYTQVYQEIWVGVGLMSLIVYKIRSADKRSKALKGCSPAHAHGHH,4.0,3.9788232
MRDLKTYLSVAPVLSTLWFVALAGLLIEINRFFPDALTFPFF,4.0,3.964069
MAQEQTKRGGGGGEDDDPTGSTAAGQERREKLTEETDDLLDEIDDVLEENAEDFVRAYVQKGGQ,4.0,3.966302
GSKKPVPIIYCNRRKCQRM,0.447158031,1.0949395
KKKFFFFFKKK,1.204119983,1.4684007
AKKLLKLLKKLLKLAG,0.698970004,0.8641603
YLDHGLGAPAPYVDPLEPKREVCELNPDCDELADQMGFQEAYRRFYGTT,4.0,3.965263
LMYYTLPRPV,4.0,3.4483795
GFMDTAKNAAKNVAVTLLDNLKCKITKAC,0.13439562,0.9374161
MTKAAELRQKDVAGLEAEIKSLQKAHFGLRMQKATQQLGNTGTLRTTRRDIARAKTILAEKQAAK,4.0,3.9643717
SMLSVLKNLGKVGLGLVACKINKQC,0.196294645,0.9445216
RRCARMYPGSTGYCQGFRCMCDTHIPIRRPPFIMG,0.698970004,0.99408686
GSSGLIAFPRL,4.0,3.9884887
YPLKVKYPKLKV,1.14270914,1.2358555
MSSTANAIADAFLGVLNALAPIIEGATEIITFMALTYVMTMVIARILGGLFV,4.0,3.995411
MLYYSIVFLLIALVAGLFGFVGIAGVATGIAKILFFVFLIAFVVSLVIGRRPRV,4.0,3.9886916
APLEPVYPGDNATPEQMAQYAADLRRYINMLTRPRY,4.0,3.8118033
GRRKRKWLRRIGKGVKIIGGAALDHL,0.308008008,0.39289778
MEYRGGWYSYFLCGVLSGKGARRAGAIERVENLYAFFFACYHAPTSGGLK,4.0,4.010335
MQVNDLGFIATILFVLVPTVFLLILYIQTNKTAS,4.0,3.9603794
MKILSSLKTAKHRHPDCRIVRRRGRLYVICKSDPRFKARQR,4.0,3.9781253
IIPFVAGVAAEMMEHVYCAASKKC,0.776238896,0.80997634
GWWRRTVRK,1.698970004,1.1165106
KRLFKKLLFSLRKY,1.477121255,1.032056
MATKVKFKYKGEEKEVDISKIKKVWRVGKMISFTYDDNGKTGRGAVSEKDAPKELLEKLK,4.0,3.9717383
MKISELRDKSVEELTGLLDEKQLDAFRLRMAKATGQLGSTHEVRANRRAIAQIKTLINEKQRGA,4.0,3.9729936
FVPIFTHSELQKIREKERNKGQ,4.0,1.9999626
MVGGRVAHPVLKGPSEVKELIIGSVLGLAAGGLWKMHHWNEQRKTRAFYDLLEKGEISVVVQE,4.0,3.9768963
FLGALFKAVSKLL,1.408175534,1.3678366
AWKLFDDGV,1.477121255,3.7564383
GLLSGILGAGKHIVCGLSGLC,1.344276791,0.81449497
NWRKILGQIASVGAGLLGSLLAGYE,1.286176732,1.224309
GFLDIVKGVGKVALGAVSKLF,1.94226756,1.3441994
LFKVASKVLPSVK,2.150039775,2.03396
MAAHKSFRIKQKLAKKLKQNRSVPQWVRLRTGNTIRYNAKRRHWRRTKLKL,4.0,3.874189
AMAYLAKDNLGEKITEVITILLNRLTDRLEKYAG,1.523301126,3.080895
GFWDSVKEGLKNAAVTILNKIKCKISECGGA,1.183081012,1.02687
KYYCRVRGGRCAVLSCLPKEEQIGKCSTRGRKCCRRKK,0.301029996,0.51410437
ILIIGGTGYIGRKVDVVISAVKFLPSEFGNDVDRVVFVKEEDIGTFTIK,4.0,3.9747367
FFFHIIKGLFHAGRMIHGLVNRRRHRH,0.335939673,0.6069596
RRIRPRPPRLPRPRPRC,0.386201605,0.055490047
ADTLACRQSHQSCSFVACRAPSVDIGTCRGGKLKCCKWAPSS,1.956190648,1.524358
INLKAIAAFAKKLI,1.244169406,1.0969218
SMLSVLKNLGKVGLGFVA,2.301029996,1.5076351
MKRTYQPNKRKRSKVHGFRARMSTRNGRKVLARRRRKGRKVLSA,4.0,3.9830055
GRRPRPRPRPWWW,1.176091259,1.2360147
MDHRLLEIVACPVCKGKLTYDKDNQELICKLDRLAYPIKEGIPVLLEPEARTMSMDEGR,4.0,3.9770088
AYPPKPESPGDAASPEEIAQYFSALRHYINLVTRQRY,4.0,2.684095
MLNLEVIIETGEQVIQKISFNLQHISSVLNTEVFDPFDYCYYRGGNFWEIESAEDCSGDDEFIE,4.0,4.013025
MDPCECSKTGSCNCGGSCKCSNCACTSCKKSCCSCCPSGCSKCASGCICKGKTCDTSCCQ,4.0,3.9894385
MAPEENGTCEPCKTFGQKCSHVVKKQRAKFYILRRCIAMLVCWHDQNHDRKDS,4.0,3.9995825
GLLNTFKDWAISIAKGAGKGVLTTLSCKLDKSC,1.415745772,0.9921896
SRGFGFVTFGDEKGFGFVTFGDEKDAIEGMNGQDLDGRNITVNEAQSR,4.0,3.9934185
DKLIGSCVWGAVNYTSDCNGECKRRGYKGGYCGSFANVNCWRT,2.0,1.915229
AAKIILNPKFRCFAAFC,2.204119983,1.3908863
FLPLIGKILGTIL,2.146128036,1.4311821
MEAITYTFILFLTLGLLFFAVAFRETPRITKK,4.0,3.9644735
QAVRYANGYTYDIETGQVSSPYTGRVYETKGKAPFYGFGFEHPYHYYPGYYHGYPHAFY,4.0,3.7064576
MDIIGSGFIRFKYNYIIIIIINIIPELMPLKSVNFLIITSLYAWKIPK,4.0,3.9649734
GSSGLIPMGRV,4.0,4.0066967
GVVDILKGLAKDIAGHLASKVMNKL,1.096910013,1.3602443
DVEAGFIEFRDLLGHCRFRDCRHDREPGCALLKALDEGRIQPQRMASYRHILASLPEPEY,4.0,3.9103055
FFGKVLKLIRKIF,2.0,0.92622507
LRPAILVRIK,2.036782514,1.1254342
VRRFPYYYPFLRR,1.435908985,1.3596725
DKLIGSCVWGAVNYTSDCNGECLLRGYKGGYCSGFANVNCWCET,2.0,1.8407723
RICRCRIGRCLGLEVYFGVCFLHGRLARRCCR,0.414973348,0.96690184
MSEIKVGENETIESALRRFKRKCARAGVLSEVRKREHYEKPSVKRKKKSEAARKRKFK,4.0,3.962503
FYAGLILTLVNTFPYNISPASS,4.0,3.4673066
MPKMKTDRGVAKRFKKTANGFKRKQAHLRHILTKKSTKRKRHLRNKCLVAKVDVPAIARQLPYA,4.0,3.9770024
GLLKWIKTLL,1.407614756,0.9437245
AYGEAANVFGAPK,4.0,3.7666304
MITDVQLAIFSNVLGVFLFLLVVAYHYINANTGKSSIKNK,4.0,3.9788604
MSNGTAVMGKINNKKTHITCRRCGHHTYNVRTKRCSHCGFPAPRIRSYKWAKAK,4.0,4.0134444
KLLKPLKKLLKLLK,1.301029996,1.06903
GRFRRLRKKTRKRLKKIGKVLKWIKKIVGSIPLGCG,1.0737314,0.44072053
GIMDTVKNAAKDLAGQLLDKLKCRITGC,0.477121255,1.5532739
MKMTFQPKNRQRSKVHGFRSRMSTAGGRKVLSARRAKGRKKLSA,4.0,3.9797702
GAFDIIKKIAESF,2.250545484,1.9954348
IKIPPIVKDTLKKVAKGVLSTVADALSKS,0.0,1.1817794
LKKLLKLPKKLLKLAG,0.698970004,0.9265481
MAKKALVNKAARKPKFAVRGYTRCSKCGRPRAVFRKFGLCRICLREMAHAGELPGVQKSSW,4.0,3.9682555
MPTIQQLIRNARQPIENRKKSPALRGCPQRRGVCARVY,4.0,3.760943
FLYIVAKLLSGLL,2.709269961,1.6489666
MAKDIITGRKTVFGNKRSKALNSVRRSWKPNLQKVRILVDGKPKRVWVSARALKSGKVKRV,4.0,3.9785705
HSQGTFTSDYSKYLDSRRAQDFVQWLMST,4.0,3.9624557
GSSGLISFPRN,4.0,4.0181518
MLKMSGWQRQSQNNSRNLRRECSRRKCIFIHHHT,4.0,3.4651423
HVVAAITALKERGGSSHQALKKYKAAN,4.0,3.800093
GEKLKKIGQKIKKFFQKL,1.397940009,1.105158
MPKIKTNRAAAKRFRKTASGKYKCGHANRSHILTKKATKRKRNLRQTGHVRAEDAGRLDRMLPYL,4.0,3.9748073
AVLDTALSGIDKVLHGSIDAHKAD,4.0,3.2541208
YRMWRWAWRWR,0.756497335,0.72365963
MTVLIKLGLRILHVYKGFFRKVILKYFFFSSEHTKVNKKSSMHAFLCKIYKR,4.0,3.7485366
MKVRTSVKKLCRYCEIVKRHNVIRVVCRADPKHKQRQG,4.0,3.9740741
MFDISSILIRGGGVLIVVILLLWIVEHNEDFIDAKSMNYNNQTV,4.0,4.0174837
MPGVKVKEAEPFELALKKFKKQCEKAGILSEVRKREHYEKPSIKKKKKAIAARKRAMKKQRKMMD,4.0,3.964347
MKHIQIRNSDMDWHIAANNLG,4.0,3.9667032
RKKRRQRRR,2.408239965,1.751394
MDSMANTVSSSVVNTGNKPSETLNKTVKNYTPKVPYMCVIA,4.0,3.689559
MKVIYNTLFKRTSTYAVAIIASAFFFERALDVTSVAIFEGINKGKLWKDIKGKYE,4.0,3.9675734
MAVPARRTSKAKKNKRRTHKGLTAPGLSRDSETGEYRMSHRISPDGTYKGRTIIEK,4.0,3.9732783
MASKGGREKIKLVSTAETGHFYTTTKNKKTMPEKMSIIKFDPKARKHVEYKEAKLK,4.0,3.9663625
KRKILIKRK,1.806179974,1.6961839
MADTTGRIPLWIIGTVTGILVIGLVGIFFYGSYSGLGSSL,4.0,3.9910626
MAKKSMIAKQKRTPKFKVQEYTRCERCGRPHSVIRKFKLCRICFRELAYKGQIPGVKKASW,4.0,3.9707289
LLGDFFRKSKEKIGKEFKRIVQR,1.817069317,1.6253039
IAIVDCSDYPKPVCSLEYMPLCGSDSKTYSNKCDFCNAVVDSNGTLTLSHFGKC,4.0,4.0042157
VDKPHYLPRPRPPRRIYNR,-0.005281865,0.3156804
MASKGGRDKIKLESTAGTGHFYTTTKNKRTKPEKMEIMKFDPVARKHVAYKETKIK,4.0,3.970176
MRGNPEVIDYLNMLIGGELAARDQYLIHSRMYEDWGLTKY,4.0,3.9444728
GLRKKFRKTRKRIQKLGRKIGKTGRKVWKAWREYGQIPYPCRI,0.100752326,0.51191175
MTRRYWNIDLE,4.0,3.7335448
WKKLVPYKIHAGI,1.913813852,1.655968
GIMDSVKNAAKNLAGQLLDTIKCKITAC,1.397940009,1.3244021
MLLPATMSDKPDMAEIEKFDKSKLKKTETQEKNPLPSKETIEQEKQAGES,4.0,4.052554
CVYAYVRVRGVLVRYRRCW,0.68797462,0.50395715
EALGPVMSQHTGIDQIGRKEGAIGVFTAGKLTRSSVYHQAVVLALSPFHNAIYR,4.0,3.391107
VVSCADILTLAAR,4.0,3.3686175
MSKTVVKKNESLEDALRRFKRTVSKSGTIQEVRKREFYEKPSVKRKKKSEAARKRKFK,4.0,3.9524481
MQTLSSAPDPAASIAVTILAILLALTGFGLWSAFGPKAKKLTDPWDDHDD,4.0,3.9694207
LRLKKRHWKYRVPP,0.519125889,0.9824388
MLNIFSLICLNSALYSSSFFFGKLPEAYAFLSPIVDFMPVIPLFFFLLAFVWQAAVSFR,4.0,4.0008
CEHSHDGA,4.0,3.785781
MEWKLNLLLYLALFFFLLFLLFLLLFVVIKQLKNSVANTAGTLQPGRLSLHREPWGFNNEQAV,4.0,3.9748187
GSSSGLISMPRV,4.0,4.022329
KSAFELPHYGL,2.698970004,3.2765822
EDWNHLGAAVHTLKHVYK,1.781211617,1.9070687
MAVPKRKTSPSKRGMRRSADGLKAPTYVEDKNSGELRRPHHIDLKTGMYRGRQVLTPKESA,4.0,3.9646988
LLSTLTDTSIKEAVATDKAP,4.0,3.8452158
GWLDVAKKIGKAAFNVAKNFI,1.0,1.0164284
MKNVLILGAGGQIARHVINQLADKQTIKQTLFARQPAKIHKPYPTNKMQTTSGKKVIQDR,4.0,3.8351746
GFKMALKLLKKVL,0.514104821,0.7694393
MAFTLLFGAGVSGDVATASAVGMIGSFLAAAALIVVPAASFLLWVSQKDALERGR,4.0,3.9880567
GIGKFLHSGSGSGSKLIKKALAALAKLNI,1.138302698,0.8715298
GVVDILKGAAKAIAGHLASKVMNKL,0.494154594,1.0246849
GLNALKKVFQPIHEAIKLINNHVQ,0.903089987,2.4652462
RRIRIRPPRLPRPRPRPWFPPRFPIPRIPGKR,0.0,0.9223279
MPKQKTNRAAAKRFKVTAKGKIKSANAFTSHRFHGKTKKQRRQLRGTAIIEKPMVKTYHKLLQK,4.0,3.9700532
RWRWPIRRRPIRPPFWR,0.602059991,0.83102536
VIRRRRILAAVV,1.982822201,0.78515077
MGSGTATFGKRNSTPTHIRCRRCGRVSYNVKKGYCAACGFGRSRRLRKYRWSKKWKKKKNAH,4.0,4.046435
GLKKIFKAGLGSLKKGIAAHVAS,1.176091259,1.0609275
GWMSKIASGIGTFLSGIQQ,1.0,1.3108717
GLFDVIKKVASVIGGA,1.803030067,1.7593696
MPKMKTNRAAAKRFKKTANGGLKSANAYTSHRFHGKTKKQRRQLRGTDMMDSTNVKRYKKLLSNI,4.0,3.9632003
MAKIKITWVKSTIGYKFDQAATIKALGFKKLNQSVIQDDSSAIRGMILKVRHLVVLEEVT,4.0,3.975667
PKVVGLSIVVVKAKVSSALG,2.11798146,2.528489
MPKLKTRKAAARRFKATGSGKIKRRKAFKSHLLEHKSSTRKNNLSKTTLVHKTNEENVRLMIPYL,4.0,3.972989
ITIPPIVKDTLKKFFKGGIAGVMGQ,1.602059991,1.3261045
MGQEQGTPWIQSTGHISTQKGEDGQKTPKLEHRNSTQLMGHYQKTMNQVVMPKQIVY,4.0,3.8287811
GLLSGILGAGKHIVCGLSGLR,0.352654178,1.0195704
MNAVQDAQDQLTKLIRCWEPIDSDDLSKGYTMSDLVYQVSSYVPSPESYSTV,4.0,4.021094
GTNASMRKAFNYQEVSKTAGKNCANCAQFIPGASASAAGACKVIPGDSQIQPTGYCDAYIVKK,4.0,3.9563162
METATLVAISISGLLVSFTGYALYTAFGQPSEQLRDPFEEHGD,4.0,3.9551694
MKNKTHKGTAKRVKVTGSGKLVREQANRRHLLEGKSSTRTRRLKGIVEVDKADTKRMKRLLGKA,4.0,3.965728
MLKWALIFFVISLIAGFLGFSGISAATAGIAKILFYIAVIIFLVFLVLALAVGGAVT,4.0,4.000594
AEVLMDFPQLTMTLPDGREESVMKLTTLVA,4.0,4.093565
MEKLKSIKITLVKSLIGAKKRHRLIIQGMGLRKINRTVFLPDLPSTRGMINKTAYLLKVEE,4.0,3.956349
GVFLDALKKFAKGGMNAVLNPK,1.255272505,1.4805708
KEEAKVLGTVIGIDLGTQYL,4.0,3.874343
MLRKAGLACTICGSRNYTLNLSSVAKEKRVEVKKFCRTCGKHTLHKETR,4.0,3.9729238
KALAKALAKLWKALAKAA,0.77815125,0.8594493
PAKQVAFAEHAREKMLRGVNVLA,4.0,2.8276684
MKAYLETIVVAQKEGGDVSTSVSQIMIEFIDAYAYNKFTETFDAYEKGPKFEIYRTLLPIDY,4.0,4.0798445
MKSKTSSFPFCLVMFKKLVLLNQLSRQLVKQLLQEWSIMKLWVTLLPEFTNF,4.0,3.744979
MSPLKAVAVLTGADVKGVVQFT,4.0,3.8049476
MTQQSNPNEQTVELNRTILYWGLLLIFVLAVLFSNYFFN,4.0,3.9702358
GNNKPVYRPQPRPPRPRL,-0.796423225,-0.35154063
KNTGRRPNYRECEMRDGECNAKVAKTAEPDSKTNTTGNNSFAIKTSTLLLAVLLF,4.0,4.0394483
IHKLVKLWLNLGKKF,1.806179974,1.4256788
RGLRRLGRKIAHGVKKGGPTVLRIIRIAG,1.774516966,0.5031251
EDDHHHHHHHHHGVGGGGGGGGGG,4.0,2.6186404
MPKMKTHKGTAKRFKKTGSGKVKRSHAYTSHMFANKSQKQKRKLRKSALVSSGDYKRIKDMLPK,4.0,3.9677243
GAIAGIIIKIKK,1.806179974,1.929052
FLALILRKIVTAL,1.610573004,1.381427
MADAQDDMSQMQDKFTYDYETIRKGGLIFAAIAFVVGMLIIFSGRFRCGRKKQLRALNDDM,4.0,3.9651482
MESATVLSITFAVILIAITGLAVYTSFGPPSAELGDPFDDHED,4.0,3.958136
GLFGAIAGFIKKGWKGMVKG,0.880813592,0.8910465
TIVIDHEECIGCESCVELCPEVFAMIDGEEKAMVTAPDSTAECAQDAIDACPVEAISKE,4.0,3.9864836
LKIPGFVKDTLKKVAKGIFSAVAGAMTPS,1.343823345,0.8459622
GIFSKFVGKGLKNLFMKGAKTIGREVGMDVLRTGIDIAGCKIKGEC,0.266265925,0.22033909
RRSIFRKLRRKIKKGLKKGIQHLLAGGRQGLPQGGRPGMI,1.213535597,0.640507
MARRCEVCNKGVSHGHNVSHAENKTKRTWSPNVQTVRAVVDGRVKRITVCTRCLRSGKVQRAI,4.0,3.9637074
MVKGTTSMGGFTKKKVHIRCRRCGKNSLHKRHHQCASCGFPEAKRRKYSWIKWYT,4.0,4.0270877
MAQLKITLVRSAAHRLPKQRKIVKELGLGRINSSVVKPDDAATRGQIFHIAHLVDVEIIK,4.0,3.968627
RGTCIDLGSRLYCKLIRRRGMCRSRSHRARIAMMRCERSCGRCH,1.371067862,1.182895
LRLHKRRWKYRVPP,0.817209185,1.050655
ILGKLWEGLKSLF,1.521908272,0.99497396
YPCKLNLKLGKVPFH,1.561371261,1.1833626
KLLKLLKKLLGALG,0.0,1.0809531
AYGGDGGAYYEWSPA,4.0,3.8597867
RSCPRIWMECTRDSDCMAKCICVAGHCG,4.0,3.9794278
WGTNRIAKELRRYIRKVGRIARKAW,0.0,0.3615885
MADTTGRIPLWLIGTVTGIIVIGLLGVFFYGSYSGLGSSL,4.0,3.990697
IWKRWWWKR,1.646393734,0.9115769
MRFKIKKCPKCGEYTLKETCPLCGEKTKLAHPPKFSPEDPYGEYRRRLKKETLGIGVKK,4.0,3.978106
KFLNRFWHWLQLKPGQPMY,1.301029996,1.4811347
MAHHEEQHGGHHHHHHHTHHHHYHGGEHHHHHHSSHHEEGCCSTSDSHHQEEGCCHGHHE,4.0,3.9757922
GLLSRLRDFLSDRGRRLGEKIERIGQKIKDLSEFFQS,0.259639333,0.50876987
GRCSACAYPAARLRKYNWSVKALRRKTTGTGRMRYLRNVPRRFKTNFREGTEAAPRKKGTAAAS,4.0,0.868209
MDHRLLEIVACPVCNGKFYYNKERQELICKSDALAYPLCDGIPVLLESEARAIKLDETNS,4.0,3.973287
GFMKYIGPLIPHKVKAISDLI,2.0,1.4365284
GLMDTVKNAAKNLAGQLLDKIKCKITG,1.227251041,1.4403279
MGQEQGTPWIQSTGHTSTQKEEDGQKIPKLEHRNSTQLMGHYQKTMNQVAMPKQIVY,4.0,3.6585724
RWRPPIRRPPIRPPFYP,1.204119983,1.1948843
LPAVFKLASKVVPSVFGLVK,2.086193687,1.6768296
RWRWWWRVY,0.204119983,0.7146838
APRKQLKW,0.893994264,1.4331188
GFCWNVCVYRNGVRVCHRRCN,-0.172596149,-0.48176193
IIGPVLGMVGSALGGLLKKI,0.579783597,1.2780361
DPPFAPRM,4.0,3.8751962
SDTVDIYDAGKILERVII,4.0,3.3163972
KFGGECSLKHNTCTYLKGGKNHVVNCGSAANKKCKSDRHHCEYDEHHKRVDCQTPV,1.505149978,1.7536857
PIMYKVPLIRKKSLRRTLSERGLLKD,1.397940009,0.8910644
WKWKWKPGKWKWKW,0.176091259,0.9797834
GVTGFGFDLVRYLFAGVVDGR,4.0,3.2506857
MNQGRIWTVVSPTVGLPLLLGSVAAIAFAVHFAVLENTSWVAAFMNGKSVAAAPAPAAPAAPAKK,4.0,3.9538417
MPDQAQKTRPVGPGPSGGGEGPGSPKVEKPNTEELLKRMRKVDPDQAKRYRQRTGQ,4.0,3.896697
MTTQQTVKIQLVRSPIGTKESHRATVRGLGLRKLNSVSQLQDTPEVRGMINKISYLLKVL,4.0,3.9761972
MDPNCSCATDGSCSCAGSCKCKECKCTTCKKSCCSCCPVGCAKCSQGCVCKEASDKCSCCA,4.0,3.9843688
GIIAGIAIKIKK,1.806179974,1.8459691
MAPCSCKSCGTSCAGSCTSCSCGSCSH,4.0,3.9702196
FLSLIPKAIKAVGVKAKKF,2.316517949,1.4542559
MMNLSYNSKSKATVIFVSNSTRNSSSSSRSSYSSRTTVFSL,4.0,3.7701771
MPKLKTHKGASKRFKKTGTGLVVRNRAFGRHILTSKPHKRKKKLHQSVVADKADQKVLKRMLPY,4.0,3.9671526
MARYRRCRSQSRSRCCRPRRRCRRRRRQSCRARRRATRCCRRRYRLRCRRY,4.0,4.009675
MVKKTIAAIFSVLVLSSVLTACNTTRGVGQDISEGGSAISGAGTKAQQ,4.0,3.9539306
FVNQHLCGSHLVEALYLVCGERGFFYTPKAGIVEQCCASTCSLYQLENYCN,4.0,3.961811
TDKPPYLPRPRPPRRIYNR,0.302599909,0.38832036
IIYCNRRTGKCQRM,1.477121255,0.5390526
GLLKRIKVLL,1.280908477,1.2923691
GNNRPVYIAQPRPPHPRL,1.778480413,1.1216688
MPPKIHPSLSTGYFVSLDTMPPKNLCHQKVCHLGMKADLFALLKHAEIMKHIASFNVSVHGV,4.0,3.925465
VDKPPYLPRPHPPRRIYNNR,1.410792238,0.75817263
SRDIVSVYDD,4.0,3.5295734
MAKKSLIEKANRPPAFRVRQYNRCKLCGRPRAYMRKFGVCRICFRSLCYRGQIPGVRKASW,4.0,3.9641957
MPFVTIQFLEGRTDDQKKALVSEVTEVVAKNLKAPKENIHVILEEMKKTDYGVGGVRKSDI,4.0,3.9720993
MAVQQNKKSPSKRGMHRSHNALVVPGIAVEPTTGETHLRHHISPNGFYRGRQVLKNKSEA,4.0,3.966477
SVKVAKSVIPSAVFAGGKVF,2.109175058,1.5191655
VKKPPYLPRPRPPRRIYNR,0.137863423,0.32407454
EDDLEDFNPTIA,4.0,3.992476
MAKDFVTGRKTTFGKKRSHALNQTNRSWKPNLQKVRILVDGKPKKVWVSTRALKSGKVTRV,4.0,3.980017
MASTGRIPLWLVATIGGIAVLTVLGLFFYGSYSGLGSSL,4.0,3.9822843
MALKITQVKGTIGTKPKHRDNLRSLGLKRIRHSVVRPDTPEVRGMVQAVRHLIVVEEVAGE,4.0,3.9735646
FLPLLAGLAANFLPKIFCKITRKC,0.660913241,1.0871496
SAPSQDFMRF,4.0,4.0523186
MEREGKEDVRKADHKIVYGIERVRHGINNFFDDVGKAVKSESDTADSKRSAEAKADEAPAKM,4.0,3.8050237
RRLLRDLDIKINQVIPEGGSVKDLKSLPKAWFTLVPYSEVGLMTAMYL,4.0,3.8146768
IIPLPLGYFAKKKKKKDPVPLDQ,1.578855434,1.9453304
KPEEDWGHK,4.0,3.8569722
MRMKKCPNCKNYTLNTICQCGEKTITVKPPRYSPTDKYGKYRRMLKKSIKQ,4.0,3.9689646
LLRRVAGLLKQFAK,0.39442487,1.2389364
MKRTWQPNRRKRAKTHGFRARMKTPGGRKVLKRRRQKGRWRLTPKVNA,4.0,3.9849813
MVESLLSGIVLGMIPITLAGLFVTAYLQYRRGDQLKI,4.0,3.9704766
NRNNRDWWHFADYGCYCGYGGSGTPVDELDRC,4.0,3.540073
SSEAAPEEKVAILGA,4.0,3.999968
AAHCLAIGRK,0.875061263,1.0317512
VVFKLASKVVPSVYCTITKK,2.063799849,1.6755679
ATSYTLNEVVPLKEFVPEWVRIGFSATTGAEFAAHEVLSWSFHSELAGTSSSN,4.0,3.9749591
KLAGLAKKLAGLAKKLAGLAK,0.593127951,0.7505041
RKWWRWIKW,0.096910013,0.6813517
DAHRAGLQFPVGRVHRLLRK,1.204119983,1.1357261
KAYSMPRCKGGFRAVMCWL,0.852081493,1.9273957
MSKRTFQPSNLKRKRSHGFRARMATAGGRKVLARRRAKGRARLSA,4.0,3.9813628
MTRGNQRELARQKNMKKQSDSVKGKRRDDGLSAAARKQRDSEIMQQKQKKANEKKEEPK,4.0,3.97368
MARKFYVDQDECIACESCVEIAPGAFAMDPEIEKAYVKDVEGASQEEVEEAMDTCPVQCIHWEDE,4.0,3.9742546
GVSGHGQHGVHG,2.054839965,1.7349346
MIIYRRNIENGTPVYEIITKTFKTITIKCDETFNKYEIYQLLSLLENDVDNMPTSYSYR,4.0,4.0243735
GLLGGLLGPLLGGGGGGGGGLL,1.698970004,1.6761208
MWAGILEILSAFIRILFKLLYCWALFFTVLKGFSRGPLLPLIYLINKSL,4.0,3.8604589
KVFKRLEKLFSKI,1.449092531,1.0936645
MKHCYRCGESKDDYRFRPNQPYWHQWCIRCERSPVGNFPLPETKEDVWHDSDEVSPT,4.0,3.9729352
GLFGVLAKVAAKVVPAIAKHF,0.903089987,1.2402484
FGTYGHPRPRFYYNP,4.0,1.6173843
MPKNNTNENFQSGAGLIRYFNEEEIKGPALDPKLIIYIGIAMAVIVELAKIFWPV,4.0,3.9429302
ELDEGNGLRRPVCGEMAELLACPLVNLPVCGTDGNTYANECLLCVQKMKTRQDIRILNNGRCRDT,4.0,3.911433
MKVVSSLKSLKKRDKDCQIVKRRGKIFVINKKKKRFKAKQG,4.0,3.9750025
MVRYRRHSRSRSRSRYRRRRRRRLRNRRRRYRRSRRGRRRRRRGSRRGYSRRRYQSRRRRRRRY,4.0,4.00976
MQDLINYFLNYPEALKKLKNKEACLIGFDVQETETIIKAYNDYYLADPITRQWGD,4.0,3.985311
GLMDIFKVAVNKLLAAGMNKPRCKAAHC,0.981419121,1.1824219
GILSKLGKALKKAAKHAAKA,0.903089987,0.55708253
MANESNKTVKVRLVRGLRGTQSRHRLSVRALGLNKLNDVRELKDSPQVRGLINKVQYLVQVEE,4.0,3.9725223
MAVPARRTSKAKKNKRRTHYKVTAPSVTFDETTGDYSRSHRVSLKGYYKGRKIAKAAAAE,4.0,3.963745
EGDFTPRL,4.0,4.1060185
KKAKRRLLKK,2.003956573,1.781324
MDISNQLTLEQEFELVLYKQKIDPLNLEQAQNLLVETLKTMMLKDNIIKYVVKNSHFR,4.0,4.0119534
GLLKRIKNLL,1.275300918,1.3359388
THSWLWLW,1.947722527,2.170649
MSIFKSLLSMGMNNSNSNSQSIVYNENRLNSFQSKNEIMVSISNPINPSQKK,4.0,4.023544
PRRRRRSSSRPIRRRRRPRVSRRRRRGGRRRR,4.0,3.8889785
MGIDKRAEATAKDVQGKAQEAWGDLTDDPKLELEGKAKQVEASAEHKKEDLKDQAHRTIDNV,4.0,3.9495387
CKKKKC,1.939061013,2.1016238
KWKKFIKKIGIGAVLKVLTTGLPALKLTKK,-0.133906091,0.22430918
MKASELRDKDVAGLNQELSELLKAQFGLRMQKATQQLQNTSQLKKVRRDIARVRTVLGQKGNQK,4.0,3.9709244
AKKPVAKKAAGGVKKPKK,1.806179974,0.92956686
MKVRASVKKRSAECIIVRRKGRLYVINKKNPRFKQRQG,4.0,3.9797053
GWLKKIGKKIERVGQHTRDATIQGLGIAQQAANVAATAR,-0.756961951,0.071430266
LRLRLRLRLRLRLRLRLR,1.70914568,1.0535684
FIGGIISFFKRLF,1.870835345,1.2103069
MKRLFLSFVALALLAGSIAACGQKGPLYLPDDEKAKKEHSKDRYGF,4.0,3.973752
KKAAASAAAAASAAWAASAAAKKKK,1.806179974,2.1271703
MQPRSPVRTNIVIFTILGFVVALLIHFIVLSSPEYNWLSNAEGGALLLSAARALFGI,4.0,3.977864
GLLDTIKNTAKNLAVGLLDKIKCKMTGC,0.477121255,1.3812194
MKFIIVLLLLTALTLTSIPVIEGILKRCKTYDDCKDVCKARKGKCEFGICKCMIKSGK,4.0,3.8325446
LLKKVLKAAA,1.494850022,1.471346
AGLQFPVGRIGRLLRK,0.799340549,0.87066734
KWSFRVCYRGICYRRAR,-0.948390813,0.11272979
AGTEKIFQRLKKTIQEGKKIAKRWW,-0.602059991,-0.23689353
MRDLKTYLSVAPVLSTLWFASLAGLLIEINRLFPDALTFPFFSF,4.0,3.975322
GSKKPVPIIYCQRRTGKCQRM,0.212998607,1.3820107
MPKMKTKSALKKRIKITGTGKIMREQAYRSHLSQNKTTKQKRQARKSVQMHSSDVKRFKALI,4.0,3.9666517
LKKLLKKLLKW,0.452571546,1.472631
FVSTYK,4.0,2.7750275
SHHRPRLFHRRRH,1.251805938,1.4329374
RRIRPRPPRLPRPC,1.703291378,1.4523649
SQTQSFNFNKFEQNK,4.0,3.7039661
KWFFSH,1.698970004,1.7215803
SKFPLAGIFSVPGVKRVVVI,2.083309312,1.8550038
MEVNILAFIATVLFILVPTAFLLIIYVKTVSQND,4.0,3.9658122
MSTSRKLKSHGMRRGKNRAPHKGVKRGGSKRKYRKGSLKSRKRCDDANRNYRSHL,4.0,4.0697665
WDKPPYLPRPRPPRRIYNR,0.287425417,0.3937546
IKLSPKTKKNLKKVLKGAIKGAIAVAKMV,0.491361694,0.66283995
KKFLHSAKKWLKAFVKLFKNW,0.321100595,0.54208505
MKTFERLLIKLLFIQAIILLGVQFLFHYQHIEPYVSKVIQYEGVDKMEENNRIETFKH,4.0,3.9381194
MKRAKKFKDYFEDIKPVTDEELEELLNEPPRRRNRGNFKKAKKEFYRDF,4.0,3.8921514
RVKRVWPLVIRTVIAGYNLYRAIKKK,0.148161854,0.32630515
NHHRRHHRCR,1.35637438,1.4550242
LNWGAWLKHWWK,1.329397879,1.276398
ILWACWGLKLLRYRRIY,1.204119983,0.8717335
MPQLIPFYFMNQLTYGLLLITVLLILFSQFFLPMILRLYVSRLFISKL,4.0,3.9950686
QVRFRQCYFNPISCF,4.0,3.8191874
VTLDVED,4.0,3.7968988
MWITNGGVANWYFVLAR,0.830203599,3.7823792
EKGFGFISPTDGSKDVFVHFSAIQTPGFKTLDEGQRVEFTIEQGQK,4.0,3.9940956
VPKPPYLPRPRPPRRKYNR,-0.263799425,0.45348316
ATKAVCVLKGDGPVQGIINF,1.498600423,2.9338794
GIFGKILGVGKKVLCGLSGVC,1.038679859,0.9362842
NVLLWK,2.112548557,2.9619083
MAGTSGLLNAVKPKIQTIDIQAAAGWGIAAAAGAIWVVQPFGWIKKTFIDPPPTEEK,4.0,3.973415
KHKHKHKHKH,0.871500977,1.4347
MSQVKLQPKKKYGHIDGCVRCGRKRGIVRKYGLHLCRQCFRETARQLGFEKYS,4.0,3.9488487
ITKVITKLLNRLSKILSK,0.447158031,0.7456692
MKRTYQPNRRKRAKTHGFRKRMSSVGGRRIIAARRRRGRKRLAV,4.0,3.98131
MPKMKTHRGAAKRFSKTGTGKIKMAHAFTSHILTSKTRKNKRNLRKGGIVAASDHKNISCLIPYK,4.0,3.971939
KWKLFKKIPKFLHLA,0.795880017,0.71074724
GYFLFRPRN,4.0,2.7821674
ILGKIAEGIKSLF,1.806179974,1.5017321
RLPRPRPRPLPFPRPG,2.056904851,1.7925901
AVPDVAFNAYG,1.761238285,3.9919336
MAKRCALTFKGPMIGNHVSHANNKNKRRLLPNLRSIKIQLDDGTTKRIKVAASTLRTMRKGA,4.0,3.9663286
MATVLSQSEIYIALVVAAHAAILALRLSVSLYRS,4.0,3.9562814
AWKKTIRQYLKNKIKKKWRKAVIAW,0.602059991,0.59638023
MADMIKVKLVRSFVGRPDKQRRICASLGLHKMNRVKELPDNAAIRGQINKVCHLVSVVD,4.0,3.976994
MVFPLVCSTCGRDLSEARYRLLVEQMELKKVVITYSRKCCRLKLSTQIEPYRNLTVQPSLDIN,4.0,4.009716
LVQRGRFGRFLRKIR,1.204119983,0.853451
GGGGKKCKKLFKKCSPVIPLLHLG,0.301029996,1.0423071
MMLVFQIALLVLVLYSLLLVVAVPVLYSSASDWSRAKNVILVGSLLWVLMVIGVGVLSFLK,4.0,3.9674096
ILGAVWNGVKSLF,1.852870597,1.3745863
TAANVKIFNTEEVQNFINLL,4.0,3.7040937
MNWKVLEHVPLLLYILAAKTLILCLTFAGVKMYQRKRLEAKQQKLEAERKKQSEKKDN,4.0,3.9353313
MDARLLDILVCPICKGPLEHDKKAQELICKADKLAYPIRDGIPIMWADQARDLQVTPGTN,4.0,3.9765048
MVQCVRHSVLPRLKKDAGLPFFFPLKTNTKPLN,4.0,3.832351
FFPIVGKLLFGLFGLL,0.40476986,1.3158674
DEPPQTPWDRVKDLVTVYVE,4.0,3.4974008
MTLDRTYPIFTVRWLAIHGLAVPTVFFLGSISAMQFIQR,4.0,3.9820356
RWKRWWRLL,1.058088247,0.88232267
RRIRPRPPRLPRPRPK,-0.619788758,-0.05389127
FFPTIAGLTKLFCAITKKC,1.903089987,1.4950689
ANNPGARKAIRKIEARTEVN,4.0,2.4870608
KKLIKVWAKGFKKAKKLFKGIG,-0.026872146,0.65792394
VRVKVRVKVRVK,1.027027571,1.1712205
RWCVYRYVRVRGVLVRYRRCW,0.795880017,0.66340756
MIVDFYSNTLRHCETLRSQPCSLFSSLYARSFQSSCTLHVAEPSPGFHMYGCHT,4.0,4.045381
TSRCIFYRRKKCS,1.288534675,1.1634792
MSEVRVRENETLDSALRRFKRQCAMSGIMSEVRKREHYDKPSVKRKKKAEAARRKNAKK,4.0,3.9639518
MATLQDVHLRVNDRVTPVYFTARSFLLVSPKRAGQATFLAREEGTDNPVVTCHVSDFYKDGV,4.0,4.0564785
MEYSTGQHLLTIPEIKRYILRNNFSNEEHIVTESMLRNAFKAEYTKIMSNRNEAWTVTDYYD,4.0,4.0309587
MKHVNTLLMQELRLLICELKRLRLSAVSDPDFSQEKIHAELDSLLCKLSRHFD,4.0,3.9885721
KFVRLKIYCRDKNKGRGISF,1.663808567,1.0115126
PMNAIKLLCRVHKKIAISV,1.778019548,1.6353672
MGTLVIFKENEMTVLEDISEETYLNMKKESADLQEEHPPYLIWHEDLHFDYGY,4.0,4.0185804
MAKGARDKIKLESTAGTGHFYTTTKNKRNMPEKMLIKKFDPVVRKHVEYKETKIK,4.0,3.9661722
FLPKLLAGLPSFLCLVFKKC,1.204119983,1.8459496
MVAWRAAGLNYVRYSQIAAQVVRQCTKGGANVKKPQATLKTTAWENGKMVSKSQ,4.0,3.5568767
SHYAEGPGKN,4.0,3.8456335
VQWLEQQVAKRRTKR,2.0,1.7219996
FFFLRRIF,2.0,1.3679003
MPTITSYFGFLLAALTITSVLFIGLSKIRLI,4.0,3.982233
IHHQGLPQE,3.397940009,3.5195382
MLRWVREITGWMVWIPDKARYAGIRETSGCGLGGSPLWEI,4.0,3.9175653
SAVGRHGRRFGLRKHRKH,1.909823369,1.4090123
MRRQRRSITDIICENCKYLPTKRSRNKRKPIPKESDVKTFNYTAHLWDIRWLRHRARNTR,4.0,3.892758
MLSWAITFLIIAIVAAVLGFGGIAGTATGIAKILFVVFLVMFIASFFFGRRGRG,4.0,3.9921622
MKTILITQIKSQIGRLPKHKATMKGLGLRNIGDTVERKDTAAIRGMIKKVYYMISIK,4.0,3.9694867
MNMFVIAAKSEGKYLYGYHPHIYSNLKQAENALKTMRKNGKLTERDKVYGLDGLMLVDL,4.0,3.9977903
MVTVKFKYKGEEKEVDTSKIKKVWRVGKMISFTYDEGGGKTGRGAVSEKDAPKELLQMLEKQKK,4.0,3.9802842
MDPNCSCAAGGSYACAGSCKCKKCKCTSCKKSCCSCCPLGCAKCAQGCIRKGASEKCSCCA,4.0,4.0000315
MASATIKVTQTRSTIGILEKHKATMRGLGLRRIGHTVELEDTPAVRGMVNKVNYLVRVEGE,4.0,3.974844
KKAKKAKKA,2.903089987,2.0009341
DVIGPQAQVTLANQD,4.0,4.0510864
MGKKIKITLVKSTIGRKPKHVAIAKQLGLGKTNSSVVHSDTPAIRGLVNEINYLLLVEESA,4.0,3.961399
MLLCFHMCQRIMWLPFDLMKWRRFHCGAVLVGTLSLRNRSPKILSLYFISDRTG,4.0,3.9253983
CNGKRVCVC,2.008234538,1.5014672
MKRTYQPKKRKRKRLHGFLIRMRTRSGRNVIRRRRAKGRKVLTA,4.0,3.9842734
LRALLRALLRAL,1.258453948,1.4946505
MSQITTKHITVLFRRWMAIICCLIIKIAYLAY,4.0,3.9875636
MEALVYTFLLISTLGIIFFAIFFREPPKVPTKGGK,4.0,3.971495
MKVEELIERINYLYKKSKEEGLTEEEKIEQAELREKYLKNIRSNFRAQLESIGGVSKKQS,4.0,3.9654155
CEGHSHDHGA,4.0,3.7519546
GLPGYFGVN,4.0,3.792382
IPQCRDVKESGQPNDKCRCNGKPCTVGKCTIARGDDNDKCT,4.0,3.1898975
FVQWFSKFLGRIL,1.007178585,1.1471416
FAPVNVDCSDHPKPACLQEQKPLCGSDNKTYDNKCSFCNAVVDSNGTLTLSHFGKC,4.0,4.005808
VKRTKRGARRGLTKVLKKIFGSIVKKAVSKGV,-0.785678753,0.3216734
SYEKKINRHFKILKKNLKKK,1.099617064,1.3274896
MLRYALIFFVIAIIAAVFGFGGIAAGAAEIAKILFYIFVVIFLVTLLLGVVRR,4.0,3.9995916
EGAPKRLTYDEIQSKTYMEVKGTGTANQCPT,4.0,3.9866133
ANLKALLAVAKKIL,0.602059991,0.8807759
GRLKKLGKKIEGAGKRVFKAAEKALPVVAGVKAL,-0.726998728,0.13787027
GILSLFTGGIKALGKTLFKMAGKAGAEHLACKATNQC,0.77815125,0.8146116
EAEEAARLQAEAEEAARQQAEAEEAARLQAEAEEAARLQAEAEEAARLQAEAE,4.0,3.4658504
APRKNVKW,1.806794476,2.5302708
SFELTILHTNDVHARVEIINVGSEKSDDGRQVPVVQAYAFGIQLHNYSSQEIGK,4.0,4.0517
KLLRKKFWWG,1.963111501,1.1148653
GIGTKFLGGVKTALKGALKELAFTYVN,1.090079627,1.4417887
FDLLGLVKKVASAL,2.0,1.7366723
RFRRPIRRRPIRPPFYR,1.204119983,0.751452
GLFAVIKKVAAVIRRL,1.755917551,1.3543352
VDKPPHLPRPRPPRRIYNR,0.307712033,0.5813532
YQWQRRMRLGAPSIT,2.507994793,2.8039823
MAKKKGEGPGLMSSAGLMRYFESEETSIKLDPKMVIGAGIASGVAIMALNITFGLWP,4.0,3.950801
MDQDVAEEILNKEYEVVYEGKRFLLKPAKAWVLQPPGKPGVIVALFKLPNGKTVRKVIARLPP,4.0,3.9044523
MAKTSKIVQSQRASKFKVQHHNRCSRCGRPRGYINRFGLCRICFRELALQGQIPGVRKSSW,4.0,3.9640412
MADQLTEEQIAEF,4.0,4.058731
MRVNITLACTECGDRNYITKKNKRNNPERIELKKYCPRLKRVTLHRETK,4.0,3.9701986
MNKLPAHLSRQNCKIASTNLSEIIPRRAAVLK,4.0,3.3558269
MSKTVVRKNESLEDALRRFKRSVSKTGTLQEARKREFYEKPSVRRKKKSEAARKRKY,4.0,3.958591
MQKIKTNRSAAKRFKRTKSGKFVYSKSHGSHILTKKNRKRKRSLRKSHILDSSNNKELKRLLPGM,4.0,3.962275
GLPVCGETCVGGTCNTPGCTCSWPVCTRN,2.51851394,2.4749856
KKLFKKGLKFL,1.966748656,1.2889451
RWFRIQLQIRRWRNRR,1.204119983,0.90093493
MKAQDLREKSVEELNSELLNLLKEQFNLRMQAATGQLQQTHTLKAVRRDIARVKTVLTEKAGA,4.0,3.9736066
KKAKKKAKKKAKKKAKKKAKKKAKKKAK,1.161329767,1.5627664
ALWKTMLKKLGTM,1.356025857,1.4585536
MGQEQGIPWIL,4.0,3.7432768
MTDLNLPSIFVPLVGLVFPAIAMTSLFLYVQKNKIV,4.0,3.9764898
RRIPFWPIPLRWQWPPPWFPPSFPIPRISRKR,0.62838893,0.605389
KLPLLPWLPKK,1.806179974,1.1854091
CRFCCRCCPRMRGCGLCCRF,1.162962476,1.2428412
GMLKRIKTLL,2.301029996,1.373761
MDKAKPDEYDQKCLETLYQYIHSVMKNSFSRSSGLPLGKMRRILSCLPKES,4.0,3.5005736
DQDEGVSTEPTQVGPAELHNDETCVGPLVYRN,4.0,4.037612
MAKLQITLTRSVIGRPETQRKTVEALGLKKTNSSVVVEDNPAIRGQINKVSHLVTVEEK,4.0,3.9741282
MPSQKSFRTKQKLAKAQKQNRPLPQWIRLRTDNKIRYNAKRRHWRRTKLGI,4.0,3.9370613
FFGALFKLATKIIPSLFR,1.480006943,1.149429
MEALVYTFLLVSTLGIIFFAIFFREPPKVPTKKAK,4.0,3.9708602
MYMYVNPNYVLVGGPCCGPCGGCGPCGGCGPCCGGCGPCCGPCGGCGPCCGGTSSFCGCGPCC,4.0,3.6627972
MVAYWRQAGLSYIRYSQICAKAVRDALKTEFKANAEKTSGSNVKIVKVKKE,4.0,3.7432485
MQVNENPNKVPVELNRTSLYLGLLSVFVLGILFSSYFFN,4.0,3.9635057
MEIIALLIEEGIIIIKDKKVAERFLKDLESSQGMDWKEIRERAERAKKQLEEGIEWAKKTKL,4.0,3.934341
GIFSKISGKAIKNLFIKGAENVGKHVGMDVVRTGIDVVGCKIKGEC,0.252149982,0.13299856
METNDLGFVASLMFVLVPTVFLIVLFIQTNSREGSS,4.0,3.9755337
KSDVRRWRSRY,2.0,2.0617237
LRLWKRRWKYRVPP,1.408230191,0.871274
GILDTLKQFAKGVGKDLVKGAAQGVL,0.978465619,1.2124605
RLFDKIRQVIRK,0.698970004,1.6469741
FYEKEGLPAFPMGK,4.0,3.5280032
ILPWKWPKKPWRR,0.44596466,0.92927957
KWCFRVCYRGICYRRCA,-2.162930789,-0.49627012
FRKSKEKIGKEFKRI,0.199940534,1.3967239
MTASYLPSIFVPLVGLIFPAITMASLFIYIEQDEIL,4.0,3.96034
ILKWKWPWWPWRR,0.712713581,0.8101232
MKKKVTLACKNCGNRNYTTMKSSAALAERLEVKKYCNNCNSHTVHLETK,4.0,3.9687726
MALENPKMHNSEISKRLGAEWKQLSEAEKRPFIDEAKRHRAMHMKEYPDYKYRP,4.0,3.966696
MFILKLFVYTVVIFFVSLFIFGFLSNDPRRNPEPEED,4.0,3.950468
MASRILYAAAVVAAVAVSSLAGVAYAADAPAPSPTSGAAAVSSSLVAAVLCPAVALLLGNLRQ,4.0,3.977507
MKVQPSVKKICEKCKVIRRHGRVMVICDNLRHKQRQG,4.0,3.9728963
EAANLGGKILEEKKLSRLPPSHL,2.301029996,2.6398177
QPPTPPEHRFPGLM,4.0,3.519491
FFHHIFRAIVHVPKTIHRLVTG,0.903089987,0.9000784
VPYPQRDMPIQAFL,2.692449638,3.5628436
MCKLCQTKKVIVEHTGIGVVFHPCPNCRSGTDLTPVIQKLEQMLTAGKARLNIYD,4.0,3.965281
KWKKLLKKLLKLLKKLLKKLK,1.204119983,1.070113
MKVRASVKPMCKDCKIIKRKGAVRVICKTSPKHKQRQG,4.0,3.9771674
KMWSKILGHLIR,0.792391689,0.9627956
FFGSVLKLIPKIL,1.397940009,1.2791377
STLHLVLRLRAG,2.0,1.6212506
MAFKKLEKVGRNIRDGIIKAGPAVAVIGQATSIARPTGK,-0.827543026,-0.08198756
MKIKNSLKALKGRHRDCQLVRRKGRVYIINKTAPRYKARQG,4.0,3.9811084
MAVPKKRTSKSKKKSRRSHWINKAKTRIRNFLNLAKSISNKKATSFAYSTIKN,4.0,3.96213
MGAIERSGYTFQPEFSVVRQNGAIHVYHQGEFVEEIEFEFNGEYPDHDLIEELVNHYCFEHEI,4.0,3.9675403
FLPLIAGLAAKCAITKKC,2.709269961,1.6098943
RRRPRPPYLPRPRPPPFFPPRLPPRIPPGFPPRFPPRFP,0.247666453,0.27752173
MRVNITLEHKESGERLYLTSKNKRNTPDRLQLKKYSPKLRKHVTFTEVK,4.0,3.9671998
MPKMKSHRGAAKRFKKTGTGKLKRAKAFKSHILTKKSPKTKRNLRKGGYVSKSEEKVMKKLLPYL,4.0,3.974133
MAMKIDPELCTSCGDCEPVCPTNAIAPKKGVYVINADTCTECEGEHDLPQCVNACMTDNCINPAA,4.0,3.9385915
DTTPCGESCVWIPCVSSIVGCSCQNKVCYQN,2.0,2.3683946
MAKVSMIIKSQRKPKFKVQQHNRCEVCGRPKAFYRKFRMCRICLRKYASIGQIPGVIKSSW,4.0,3.9618504
KWKSFLKTFKSAKKTVLHTLLKAISS,0.602059991,0.40659916
NLVGSLLGGILKK,2.660605352,1.808328
MPIAQIHILEGRNDEQKETLIREVSEAISRSLDAPLTSVRVIITEMAKGHFGIGGELASKVRR,4.0,3.963933
IPHAVKAISDLI,2.301029996,2.0827003
WWWRRRIW,1.397940009,0.8140588
MAEKTVRVQQIGSPIRREASQRETLIGLKLNKLHRIAELPDTPSVRGMIAKVHHLVRVLDGAA,4.0,3.9746528
KWKLFKKIFKCWRWQWRWKKLGA,0.495544338,0.6521634
QLNFSPGW,4.0,3.9695816
ANVGFVIQLQARLRGFLVRQKFA,0.357441752,1.1025946
MGMGPSLSIVNPMDVLRQRLLLEIARRRLRDAEEQIKANKDFLQQI,4.0,3.7854242
FVRWFSKFLGRIL,1.255272505,1.1255085
QNARIAVVYFAGY,4.0,3.3219008
RRRPRPPYLNRPRPP,1.301029996,1.0421138
LRLKKRRWKVRVPP,1.436236669,0.9490212
GFEVIDNIKDSVVILGGPNWNVKMGDIRPLTGSNGEIRFDNNYFK,4.0,4.0480204
AWLDKLKSLGKVVGKVALGVAQNYLNPQQ,0.671129853,0.904881
KALAALAKKILQQCRRPLYCRRR,0.799340549,0.7177337
MTEKKQQNKPNENPEHNDLTDPIPNEELKENMNDEKHKRQQRDNSQSERDYDTK,4.0,3.9593844
RKVKRLFKRWKM,2.678924303,1.3827311
FLGALAKALSKLL,1.871469158,1.3753486
GIFSKISGKAIKNLFIKGAENVGKHVGIDVVRTGIDVVGCKIKGEC,0.715707408,0.24683961
FKRGVQRIKDFLR,1.0,1.0857178
GMASKAGSVLGKITKIALGAL,1.093421685,1.4621098
TRTPVNVTVTGAAGQIGYALLFRIASGHLLG,4.0,3.847807
MGKEIVESAILSSVLVLVGLAVGFLLLKVQGE,4.0,3.9535737
MENSNLFSFFVPLVGLVFSAIIMVLSFLYIQKDSVN,4.0,3.9513307
MAKLHDYYKDEVVKQLMSQFDYNSVMQVPRVEKITLNMGVGEA,4.0,4.008358
MAVQQNKKSPSKRGMHRSHDALTAPALSVDSTTGEVHRPHHISPNGMYRGRKVVKVKGE,4.0,3.962957
DAEFRHDSGYEVHHQKLVFFAEDVGSNKGAIIGLMVGGVV,-0.443343499,2.2044723
GRNEDEEKGAIVKVKGGL,3.0,3.194932
MKMKKCPKCGRYTLKDFCSECNEKSVTVKPPRFSPVDKYGKYRRALKKAKM,4.0,3.966417
TTSIRRRYQVSLIRRHRGKR,1.380211242,1.0565186
AKAWGIGGHVIGQIVGVRIRGLCGNV,0.977936012,1.2214634
GLRKRLRKARNKIKEKLKKI,0.602059991,0.52293164
MKKFELYEVKDGKLVRKNPFCVRCSNGVFMADHGDRYACGKCGYTEWKNRE,4.0,3.9712944
KKKKWKLFKKIGIGKFL,1.572080164,0.629161
SFLGEWLFVTRKAKRKHKHA,2.10720997,1.6806695
RLARIVKIRVAR,1.042135311,0.67974436
SLSINTNTSEMIALQTLDA,4.0,3.9669323
GIGAVLLVLTTGLPALISWIKRKRQQ,1.64734844,1.563733
VATVDCSDYPKPACTLEYMPLCGSDNKTYGNKCNFCNAVVDSNGTLTLSHFGKC,4.0,3.9892802
MIRVARESFALVSVIGFVWMMCTVANLVA,4.0,3.9567623
FFHHIFRGIVHVGKTVHRLVTG,1.301029996,0.9897895
KKKSFIKLLTSAKVSVLTTAKPLISS,1.13786032,1.7754865
LLKKLLKWLKK,0.452571546,1.1960284
KKLGEPSCNKLK,1.348520719,2.5977492
MLFNNIQTFSFKNININNLNKIKKETENSNSNYSLNSINSNKIQTNLFTRPNWSI,4.0,4.0096893
LSFPTTKTYFPHF,0.954242509,1.6840391
MNLTDLKRKTAADLAVICQDMGLEGTARQKKQEIIFNILNARAQCDAIYGEGVLEILQ,4.0,3.957981
GEFAQFEQEAQSLEQELSQLEQQLESL,2.301029996,3.7750907
MNYWVLALYYEWATTDMVKQALAYEDCSIQDLAEGVNKKLITADQYKEITGKAM,4.0,3.9838424
KELEEK,2.906657055,2.717846
FLPAIIGMAAKVLPAFLCKITKKC,1.574031268,1.2784586
KRKGSGKRK,1.806179974,2.2383993
SLEDIEHEVEELLR,4.0,2.916494
MPTFHIEMFEGRSADQKRKLVEEVTRVTCETLGCAPGAVDIIIAEVKRENWATGGVLWSEQK,4.0,3.9802346
KKLLKKLKKLLK,0.981516594,1.3997627
GLFLDTLKKFAKAGMEAVINPK,1.903089987,1.6821833
FLSSIGKILGNLL,1.559308011,1.5510182
MLILTRRVGETLMIGDEVTVTVLGVKGNQVRIGVNAPKEVSVHREEIYMRIQAEKGNGNVAPGNY,4.0,3.9793737
MPKLKTRKAAAKRFKATGTGKFMRRRAFHNHLLDHKSPKLKRHLKTKAVVDERDAENVRLMLPYA,4.0,3.970948
KVLKAAA,1.096910013,1.1557337
LRVKKRRWKYRVPP,0.517963886,0.9493169
MELLAALNLEPIFQLTFVGLIMVAGPVVIFLLAFRGGDL,4.0,3.9674249
FLGSVFKLASKVFPAVFGKV,1.475533969,1.5284065
IRVKIRVK,1.542304759,1.0792007
GVIKSVLKGVAKTVALGML,1.088136089,1.5312545
PASPQKRAASPRRSPKKSPRKSPKKSPRKRSASP,4.0,2.4213567
KWKSFLKTFKSAKKTVLHTALKAISS,1.754655874,0.63407975
VALTGLTVAEYFR,0.834102656,3.7180674
MEPTFSLIVAIAAVTICITAFAIYTAFGPPSKDLQDPYEMHED,4.0,3.9576936
KKSAGWVIPIGTLVK,2.096910013,2.8752759
MAEFKSKLNKGHAFTSKCASLVKEQRARLYILRRCATMLCCWYIQGDE,4.0,3.9747553
KWFRVYRGIY,2.857332496,1.3036995
MAVQTPRQRLANAKFNKNNEKYRKYGKKKEGKTEKTAPVISKTWLGILLFLLVGGGVLQLISYIL,4.0,3.9510455
GNNKPVYIPQPRPPHPRL,-0.522878745,0.13510008
GLLSAAKAAGKLL,1.397940009,1.7338672
RRWSFRVSYRGFSYRKSR,0.222938589,0.60313714
GWLRDFGKRIERVGQHTRDATIQAIGVAQQAANVAATVRG,0.698970004,0.38497213
GKWMSFLKHILK,0.602059991,0.67991126
MVMMKSFIVKGKFKAGNSWEKFTKKIESQNEKNATDKTYSIFGSKHGVKRSQIQIESVAEE,4.0,3.9703157
KAIAKSILKWIKSIAKAI,0.748188027,0.7703973
MKKYVCTVCGYEYDPAEGDPDNGVKPGTSFDDLPADWVCPVCGAPKSEFEAA,4.0,3.965291
GLKRIFKSGLGKLVKGISAHVAS,1.795880017,1.1658629
MASKKGVRLIITLECTECRSNPDKRSAGVSRYTTSKNRRNTTGRLELKKFCTHCNKHTVHKEIK,4.0,3.9768915
MSKSNPNKQSVELNRTSLYWGLLLIFVLAVLFSSYIFN,4.0,3.9687333
GLDLGLSRGFSGSQAAKHLMGLAAANYAGGP,4.0,3.091751
MPKAKTHSGASKRFRRTGTGKIVRQKANRRHLLEHKSSKRTRRLDGRTTVAANDTKRVKSLLNG,4.0,3.9682074
MLRKAGLACTVCGSRNYTLNLSSVAKEKRVEVKKFCRTCGKHTLHKETR,4.0,3.973749
KLKLLLLL,1.315077715,1.7304226
YPIEHGIVSNWDDMEKIWHHTFYNELRVAPEEHPVLLTEAPLNPK,4.0,3.9282508
SRSEKAGLQFPVGRIGRMLKK,0.698970004,1.2571822
SAKDVKFGDSARSMMIAGVNVIAD,4.0,3.48748
ALYLAIRKR,0.533626964,1.12774
IAKIAGKIAKIAGKIAKIAGKIAK,0.226471735,0.2074969
MKNTKKITLACQVCLAKNYSTNKSVTNRLEIKKFCKHCNMQTLHKEEK,4.0,3.9703727
MFYFRDFNMVVKQEEGSTLFFNMYKYILKKLKRFSLYIFNIIKYVIIFVVYLINKSF,4.0,3.9368472
MTIIFQFALVALVLVSFVLVVGVPVAYATPQNWVESKKLLWLGSGVWIALVLLVGLLNFFVV,4.0,3.9696198
FQYDSQYDGF,4.0,3.979408
WKIFKLKLRMLW,1.886490725,0.9342023
MFGIGMPEMLIILVIILIIFGAGKLPEIGGAIGKGIKNFKKASNESEEIDENSRPKKIEPK,4.0,3.9806154
WGFCWNVCVYRNGVRVCHRRCN,-0.435871461,-0.38741887
GFKDLLKGAKKALVKTVLF,1.267171729,0.892414
GIMDTVKNAAKNLAGQLLDKLKCKITAC,1.505149978,1.2857817
ILGEIWKGIKDIL,1.913813852,1.6640309
GIFSKISGKAIKNLFIKGAKNVGKEVGMDVVRTGIDVVGCKIKGEC,0.370001624,0.14589207
MLVVIMFFIAFAFCSWLSYSYLRPYISTKELNKSR,4.0,3.9879794
MNLEVIAQLIALALIVGSGPLVIALLAARKGNL,4.0,3.954441
MEKAEKGNPKGKAFRGNKLAFGEYGIQALDRAWITQQQIEAVRVALVRS,4.0,3.6399198
MAKNANRVKIGLKCSECGDINYTTYKNNKNTANKIELKKYCPRLKKHTVHKEIKLK,4.0,3.979818
QNCPTRRGLCVTSGLTACRNHCRSCHRGDVGCVRCSNAQCTGFLGTTCTCINPCPRC,1.021502353,1.4221957
PRRRRQASRPVRRRRRTRRSTAERRRRRVVRRRR,4.0,3.9343948
GLRKRLRKFRNKPKEKLKKIGQKIQGLLPKLAPRTDY,0.92693535,0.5690481
MAVPKKKMSHSKSNSRKSNWKRKVIKKINFAVTLGKSLSFGKLSKFYLDD,4.0,3.9568667
FLLLIPRKIVTAL,2.301922461,0.9748288
MKSDIHVCAVWESEHDRPVYTLDDTCPECGAEAVNSAPAPFSPEDSYGEYRRSLKRRSRE,4.0,3.9705348
MTQSNPNDQNVELNRTSLYWGLLLIFVLAVPFSNYFFN,4.0,3.965655
FAEPLPSEEEGESYSKEVPEMEKRYGGFM,0.477121255,3.9690545
FFHHIFRGIVHVGKKIHRLVKG,0.544068044,0.5896749
SDVLELTDDNFESRVSDTGSAGLVEFFAPDATANDVPSP,4.0,3.9966805
RCYCRRRFCVCVGR,-0.208337681,0.24061027
FIKELLPHLSGIIDSVANAIK,2.041392685,1.8904555
KWKKFLKKLTSAAKKVLTTALKPISS,0.301029996,0.082850784
FLGVVFKLASKVFGAVFKKV,2.068938677,1.6132448
GIGGALLSAGKAALKGLAKVLV,1.224479805,1.1497512
FDKNQPWGVIRDLNVVNFKR,4.0,3.5677123
RVVRQWPIGRVVRRVVRRVVR,-0.62608766,0.39574316
VTCFCKRPVCDSGETQIGYCRLGNTFYRLCCRQ,0.489655292,1.2288139
MDLEVIAQLTVLTLMVVSGPLVIVLSAIRKGNL,4.0,3.9605634
MTETAQAPLDPRLLSVLVCPVTKGPLIYDREAGELISRQAGLAFPIRDGIPIMLPDEARPLDV,4.0,3.9731908
FKGGGPYGQGVTRGQDLSGKDF,4.0,3.244583
LRRLRKWLRRLLKLL,0.795880017,0.82261294
IKKILSKIKKLWK,0.971739591,0.85726786
GLLSGILGAGKHIICGLSGLC,1.943656068,0.8382877
AFCWNVCVYRNAVRVCHRRCN,-0.835904138,0.18666139
MKIRNSLKSLRGRHRDNQLVRRKGRVYVINKTQKRYKARQG,4.0,3.9835305
GLLKRIKT,1.150502018,1.7539942
LRLKKRRWKWRVPP,1.115045988,0.88117725
KPSPDRFYGLM,4.0,3.8618636
GILDTLKQFAKGVGKWLVKGAAQ,1.665748395,1.2052037
MKSSFVTRRFSWCRNIYYASAAAADSGREVCTFTGSMTQVKFSVFCDAEDDHSSNQIM,4.0,4.05317
LPLLAGLAANFLPKIFCKITRK,0.410766138,1.109179
GKLLVKKIVSLVRSA,1.397940009,1.4699677
SKFFRKARKKLGKGLQKIKNVLRKY,-0.579172097,0.3610886
EWRPHGSNGGSSLRPGRPQTLPPQRPIQPDFNGPRQRF,2.0,1.7494059
MFRLLLNLLRHRVTYRFLVVLCAALGYASLTGDLSSLESVVCSILTCSD,4.0,3.946103
MAKGTPSFGKRNKTKTHVRCRRCGRRAYHVRKGYCAACGFGRSRRIRRYSWQNKKVNRKRRR,4.0,3.9934826
ATCDLLSGIGVQHSACALHCVFRGNRGGYCTGKGICVCRN,0.691472051,1.6176412
KSTDFDYNNKKANYD,4.0,3.8022695
ATHCLFLKKR,1.176091259,1.9391191
MSFLPSFILSDESKERISKILTLTHNVAHYGWIPFVLYLGWAHTSNRPNFLNLLSPLPSV,4.0,3.9669886
ELVSNASDALDKLR,4.0,3.1533747
IFGSIYHRKCVVKNRCETVSGHKTCKDLTCCRAVIFRHERPEVCRPQT,0.698970004,1.7791064
MPIAQLYILDGRSNEQKETLIREVSEAMSRSLDAPIERVRVIITEMPKNHFGIGGEPASKLNR,4.0,3.9745057
MERSTQELFINFTVVLITVLLMWLLVRSYQY,4.0,4.000868
MLRWSSTYTFGLLWLIIGSEAFHLNALKQDHLERMKQYDAKIRLAKHEFDDTSNETK,4.0,4.0082636
VKKFPWWWAFLKK,0.602059991,1.0804703
MPKMKTCKSARKRYAFTSKGKVKYKKQNLRHILTKKSAKRKRNLGKSGLVSNVEVKRIKTLLPYV,4.0,3.9693973
VTSYTLNEVVPLKDVVPEWVRIGFSATTGAEFAAHEVLSWSFHSELGETSASKQ,4.0,3.9762523
MRAKWRKKRMRGLKRKRRKMRQRSK,4.0,3.955634
MDFDFRLLIVLLPILAAAGWAVFNIGVVAMQQFQKFLNK,4.0,3.9539526
ELNPSLVISLSTGLSLFLGRFVFFNFQRENVAKQGLPEQ,4.0,4.030947
MDRILLEILACPICKGKLVYSQDEQELICRFDKLAYPIHDGIPVMLPDSTRPLIER,4.0,3.9680824
GLMDVFKGAAKNLLASALDKIRCKVTKC,1.064457989,0.8526058
RPAFRKAAFRVMRACV,2.0,0.55456215
MASKNREIIKLKSTESSEMYWTVKNKRKTTGRLELKKYDRKLRKHVIFKEAK,4.0,3.9729824
MKYNPRVSSNRRKS,4.0,3.300628
GSKKPVPIIYCQRRSGKCQRM,1.118582088,0.61296433
KNVNSIVKIQAFFRARKAQDDYR,0.710546529,1.1898359
GRRYKKFRWKFKGLFLFLG,1.417647779,1.0158144
RWCVYAYVRVRGVGVRYRRCW,0.795880017,0.37444815
MPKMKSKSSAKMRFSVRAGGTIKRGQAFKRHILTKKTTKNKRHLRGSAEVAKADIKSIRSMLPYA,4.0,3.9714394
RNSVRNRVMLWRTKR,1.812319735,2.063009
MQVLNSLRNAKQRHPDCQIVKRKGRLYVICKTNPRFKAVQGRKKRR,4.0,3.981381
QKVFTNTWAVRIPGGPAVANSVARKHGFLNLQGIF,1.301029996,3.5452294
KYYGNGVHCGKHSCTVDWGTAIGNIGNNAAANWATGGNAGWNK,2.062202693,0.8632305
KRKWLWLW,1.517448342,1.1379172
EGSGGSGSSGNFTTGSNVRMSSVTNTSNAGTGTSAGDNSAGGNGSGNSNSAPAVTVTLTESLLNK,4.0,4.0587926
KKKKKKAAFAAWAAFAA,0.380211242,0.8334913
MKYQLLKIIVCPVCHSKLSFDLEKKELICNVDNLAFPIRKGIPVLLKRDARNFIL,4.0,3.9320219
MALKITQVKGTVGTRKKQKDNLRSLGLKRIRHSVVQPDTPQVRGMINVVRHLVTVEEVAGE,4.0,3.9742794
LRLKKRRVKYRVPP,1.140699858,0.9197804
MARRCEICDKGVVAGVSYSHSHRQSKRTWAPNIKKVKALVNGTPKTVHVCTRCLRSGKVQRAI,4.0,3.9643655
MYKLATLEFIKKAKTLKLLSQKTQTTSKIQTFSSIKLLI,4.0,3.654571
TCSYTMEA,2.486500699,3.8498526
GLLSNVAGLLKQFAKGGVNAVLNPK,0.903089987,1.4621122
GLMSSIGKALGGLIVDVLKPKTPAS,1.610311233,1.8468928
MTSQARIPLWIVAVVVGLGVVTVVGLFFYGSYTGLGAPV,4.0,3.992848
FNNLPICVEGLAGDIGSILLGVESDIGALAGAIANLALIAGECAAQGEAGAAICA,1.806179974,2.1627283
IQKVIQKLLNRLQKILQK,0.491361694,1.124244
KWCRCVCRRGICRCRCRK,0.384711743,0.4032335
SEDETRLVKNLFSGYNKVVRPVNH,4.0,3.9018779
ILPILSLIGGLL,2.034762106,1.8042753
RGSNLTIHPLRNIRDIFYVGNITIG,4.0,3.61303
MKVRASVRKICDNCRLIRRRGKVMVVCSNPKHKQCQG,4.0,3.972351
RWRFKWWKK,1.421664812,0.8164629
SAEETPLQSKVTNKVYFDISIGNPVGKVVIGLFGDDVPQTAENFR,4.0,3.9286585
FAKKLAKKLKKLAKKLAK,-0.011925895,0.7238699
GKAMSLLKHILK,1.602059991,1.2700105
KWKKLLKKPLLKK,1.096910013,1.4145527
MWIYRSQKSKNPDNLLQLWRVRKDYRGPLKPYSQQFSYAGSIVICPEKFKTSFCARSFCAL,4.0,3.979196
MNKFLTAAPVVAAIWFTATAGILIEWNRFFPDLLFHPM,4.0,3.9931035
MEKVILEHLQRIEKQLEILNSKIENFLGFEELSEEELKELDEIEAKMEKGEKFVLNDV,4.0,3.9611406
PRRRRRRSSSRPIRRRRPRRVSRRRRRGGRRRR,4.0,3.8963032
MDHRLLEIIACPVCNGKLYYSQDKQELICKLDSLAFPLRDGIPVLLETEARALTVEESHS,4.0,3.9687667
MLSWAITFLIIAIVAAVLGFGGIAGAATGIAKILFIVFLVLFVASFFFGRGRG,4.0,3.993182
GLKALKKVFKGIHKAIKLINKHVQ,0.698970004,0.63846874
MSNKLKVTLIKSMNGRLQAHQQCVRGLGLRRIHQSCEVQDTPENRGMINKVAYLLKVEEVL,4.0,3.9693341
MPKMKSVRGAAKRFKVGKNKIKRGSAFRSHILTKKPSKRMRDLRQSQYVDSTNVSAVKKMLCI,4.0,3.966795
MDKKLLEILACPVCKSSLIYKKADQELICKACRLAYPIRDDIPVMLEEQARQFDPEEEI,4.0,3.9704955
MTLAFQLAVFALIATSSILLIGVPVVFASPDGWSSNKNVLFSGTSLWIGLVFLVGILNSLIS,4.0,3.9570904
MDYKCTRCKRPVEIDYGYTGIRCPYCGHRILVKERPQSSIKKVKVE,4.0,3.9603148
ILGPVLGLVSNALGGLL,1.794397139,1.7293389
MARYRHSRSRSRSRYRRRRRRRSRYRSRRRRYRGSRRRRSRRRGRRRGYSRRRYSRRRRRRY,4.0,4.0088153
MINLPSLFVPLVGLLFPAVAMASLFLHVEKRLLFSTKKIN,4.0,3.945623
HFLKTLVNLAKKIL,0.903089987,1.2703568
GMASKAGAIAGKIAKVALKAL,1.220838752,1.0987101
AAAARRRR,2.140216207,1.4601755
ADLIQRRQRSEFQSDIKGILYTVIKKNPDL,4.0,3.244428
VGVRSYYMKYIIVGFTLPRPHNPPAFILSFRPKRINTGSYPPIQNCKFLIADGSRKVFT,4.0,3.6363263
LRLKWRRWKYRVPP,1.107200195,0.8946899
LRWLGTKVGILK,1.963787827,1.4259527
RRWWCA,1.379206182,1.3733948
MSTYTVTGQFQSRDGFQPFTKDVEAENEDLARERIYTTVGSQHNRKRPQIEIKEVSAA,4.0,3.9462588
FLPMLAGLAANFLPKIICKITKKC,2.0,1.2443953
WLGALFKVASKVL,0.941038939,1.3847027
GLLLDTVKGAAKNVAGILLNKLKCKMTGDC,0.579141849,1.2052373
GIIRGIIKIIKR,1.806179974,1.9595518
VDKGSYRPRPTPPRPIYNRN,-0.522878745,1.0663022
WWHSWWSTW,1.962904297,1.6563175
MLIFIIHYHRHLALHLMGAFQKHSNSISPPPRKGFI,4.0,3.7378364
KRFKKFFKKVKKSVKKRLKKIFKKPMVIGVTIPF,0.023636304,0.34576428
MKVRSSVKQICDKCRVIRRKGRVMIICVTPKHKQRQG,4.0,3.9758108
AIPWIFIFRLLRKG,0.574031268,0.97702
DEDEDEKRQPH,3.0,3.6865535
MSGKLKITQVRSLVGRNEKHRRIVRALGLKRMHMTVEHTNNPAIMGMVKKIPHLVTVEEV,4.0,3.9752622
KKKLFWKIPKFLHLAKKF,0.301029996,0.9428542
MRFQLRKCSKCFQYTLKEICPKCKEQTISAHPAKFSPDDKYMRYRLAERYN,4.0,3.970782
GDEKRPWECCDIAMCTRSIPPICRCVDKVDRCSDACKDCEETEDNRHVCFDTYIGDPGPTCHDD,4.0,3.9551125
RWCVYAYVRVRGRLVRYRRCW,-0.096910013,0.51512146
RRWCFRVCYKGFCYRKCR,0.412715061,-0.46069312
GRHGSGLGHSSSHGQHGSGSGR,1.183115836,1.3068266
IAHQGLPQE,3.096910013,3.8605173
AEVFKSEEGSVDFYGQLRPA,4.0,3.910366
FMGTALKIAANVLPAAFCKIFKKC,2.301029996,1.264847
RRLIRRILRIL,1.197280558,0.84519464
MLRYAVIFFIIAIVAAVFGFGGIAAGAAEIAKILFYIFVVIFLVTLLLGVVRR,4.0,3.9997132
GTSGLISFPRT,4.0,4.0121155
IIGHLIKTALGFLGL,2.0,1.9923978
MAVKDYYKVQGDSVTRIKQFCPRCGPGTFLADHKNRLTCGKCGYTEFKK,4.0,3.966885
YRGGYTGPIPRPPPIGRPPFRPVCNACYRLSVSDARNCCIKFGSCCHLVK,1.602059991,1.8341074
MARNKPLARKLRLAAAYKENRPVPIWVSVKTRLKVRRGFRLRHWRRTKLKV,4.0,2.4950213
MTNFTTYLSTAPVVALIWFTFTAGLLIEINRFFPDPLVFSF,4.0,4.0035686
YGEPIGVETLTK,4.0,3.8892941
GVVVRVGRVVVRWVRRRR,1.819543936,1.2478926
DRVFKFACRRNKAAR,1.842919923,1.0927278
MQIKLEPRKNFGHKEGCVRCGRKRGLVRRYGIRMCRQCFRETANQIGFRKYS,4.0,3.9534197
WRWACWGLKLLKYKKIY,0.0,1.2096273
GRFKRFRKKFKKAFKKASPVIPLLHL,0.703291378,0.33981696
GVVDILKGAAKDLAGHLATKVMNKL,1.698970004,1.6989663
MNIPKTCFQIHNKIQVQNYLIRINLNIFLIYHFSPIYCPYLFLFTVFFNSLINLI,4.0,4.0184035
KKLALLALKKWLPALKKLALLALKK,0.027349608,0.40839934
AGEPKLDAGV,4.0,4.005515
MNNYTKDDDGRLNNFAVEPKIYAADAPSKADKRNYLIMAAITVVLVAGLIAVAVVASGAST,4.0,3.9708533
KKKKKKKKKKGIGKLFLHAAKKFAKAFVAEKMNS,0.042973829,0.61904836
GGSSGLISMPRV,4.0,4.0327787
MDMKKLIERINFLYKKSKEEGLTKEEKVEQQKLRREYTDIIKGNVKVQLEGVEKIPTPNRKN,4.0,3.9623067
FVQWASKFLGRIL,1.447158031,1.1929055
FLFSLIPSAISGLISAF,2.079181246,2.0556602
MARYRCCRSQSRSRCYRRGQRSRRRRRRSCQTRRRAMRCCRPRYRLRRRRH,4.0,4.0324173
MPSVKVRVGEPIDRALRILKKKIDKEGILKTSKSHRFYDKPSVKKRAKSKAAAKYRGR,4.0,3.9612799
RGLRRLGRKIAHGVKKY,2.0,1.4331621
KKAAAWAAAAAWAAWAAWAAAKKKK,1.079181246,1.2815415
RRWQWR,1.756495692,1.8236011
MAKTSMKVKQQRAPKFSTRAYTRCTICGRPHSVLRKYGICRICFRELAYKGQIPGVKKASW,4.0,3.9683971
FFGWLIKPAIHAGKAIHGLIHRRRH,0.581684232,0.4747494
INWKKIASIGKEVLKA,1.875061263,1.2863922
AAHCIALRKGYK,1.477121255,0.75019884
RDVAVGSFLPPS,4.0,3.7805552
VLIRGLIHMLRGG,2.0,1.6074657
RKWIWRWFL,-0.101833805,1.0141759
MIFRSLVNFGNSSNNYESLKSNGVSSQLLVLKENNIGNQQSNNRMANFLGGSNRYDRICEE,4.0,4.0192184
MKHVLNLYLLGVVLTLLSIFVRVMESLEGLLESPSPGTSWTTRSQLANTEPTKGLPDHPSRSM,4.0,4.05491
MAKLKITLVKSLIGRPESQRVTVRTLGLTRTNSSVIKEDTPQIRGMINKVAHLLKVEEA,4.0,3.9809055
KRLFKRLFKYLRRF,0.006380536,0.85746354
MNGQERNSISKGLQVDIVLKADQKTGKLTRGTVKDILTKSNFHPHGIKVRLEDGRIGRDQQIVST,4.0,3.972844
GSKRWRKFEKRVKKIFEETKEALPVVQGVVAVATAVGRR,0.147011029,0.12474708
RVQGRWKVRASFFKGGGGSVCVYRGFAWNCHRRANNGVRV,0.723139156,1.54269
MKVRASVKKLCRNCKIIRREGVVRVICSAEPRHKQRQG,4.0,3.9756331
MRVKITLACTETGDRNYITTKNKRTNPDRLELKKYSPRLKKYTLHRETK,4.0,3.9651039
RRWHRWWRR,1.158362492,1.1001326
GLFDVIKKVASVIGG,1.930397566,1.803939
MSKLKTRKSAAKRFKATATGKFMRRRAFHNHLLDHKSSKLKRHLSTKAVVDERDADNVRLMIPYA,4.0,3.967873
MFQRIGFPGVTNFQVLLALASLIPTPASRDFFRLPLTVGFTGAEIVNIEFECLRQLTPGM,4.0,4.05599
MPRLKVTQVRSGIGGTAEQRDTLRSLGLKRLRDTVVKEDRPEIRGMIRAVAHLVRVEEVE,4.0,3.9632702
MPAGVSWPRYLRMFAASVLSMFAGAQVVHHYYRPDLSIPEIPPKPGELRTELLGLKERQMDSQKQ,4.0,3.98769
GIKKWLHSPKKFGKKFVKKIMNS,0.397940009,0.61751235
GLFDIVKKIAGHIASSI,1.752249483,1.8250912
MLLGDIGGKHIAFFYKRPSVAIITWRPILGFSCCFQLWGEVRLNQTVNRRVTIRMLLL,4.0,3.8379412
MKVRASVKKMCRNCKVIKRNRVVRVICTDPRHKQRQG,4.0,3.978757
AWCFRVCARGICYRRCR,-1.229177849,-0.65302825
MDVKIELSSYVRVLKLASTPSWNEFSQIGLIAGAGIVFVGFLGFLIFAIMTLLPGGV,4.0,3.9795318
MKRTYQPSKLVRKRRHGFRARMATKGGRGVIAARRNRGRKRLSA,4.0,3.9804063
FLGWLFKVASK,1.285479092,1.7431355
MPKNKTNSGAKKRFRVTGSGKIMHKRAHQTHKFEERSRSSVRRLSNDAEVSSADRKSIKKLLGK,4.0,3.9626098
MFARLIRYFQEARAELARVTWPTREQVVEGTQAILLFTLAFMVILGLYDTVFRFLIGLLR,4.0,3.9553072
RKCNFLCKVKNKLKSVGSKSLIGSATHHGIYRV,1.008967421,0.660131
GSSGLIPFGRT,4.0,3.9973528
GILSGILGVGKKLVCGLSGLC,0.689789403,0.9318557
FLGVVFKKASKVFPKVFGKV,1.759823704,1.4930986
MPKMKTNRAAAKRFKVTGSGRIRRSKGGLNHCMQEKSKKRLRRLRKNDMVDSAMEKRVKLLLPYG,4.0,3.9701796
MLGWAITFFIIAIIAAVFGFGGIAGAATGIAQFLFFVFIALLVISLIANALRGRAPKA,4.0,3.9910865
GIHDILAYGKPS,1.176091259,2.408369
MKQKTHKGAAKRIKISGSGKLRREQANRRHLLEGKPSKRTRRLKGTEDVAPADVKRMKRLLGKA,4.0,3.9701514
MDPCQCSKSGTCNCGGSCTCTNCSCKSCKKSCCPCCPSGCTKCASGCVCKGKTCDTSCCQ,4.0,3.984974
HQFRFRFRVRRK,0.903089987,1.3509654
FLPLKKLRFGLL,1.091080469,1.2586207
MNQDQEEEKPTCYDLLKVKHDLNKYNENIIRQLKMSHAPIDACEIFLFLLEKWCTTGGR,4.0,4.023431
GIINTLQRYYCRIRSGRCALLSCLPKEEQIGRCSSTGRKCCRRKK,1.089662546,0.6325625
GLFDVIKKVLKKIGGL,0.799340549,1.2742712
MAKKSLKVKQAKHQKFNVRNYTRCNHCGRPHAVLKKFGICRLCFRKFAYEGQIPGIKKASW,4.0,3.9825864
MHATTVKNKITQRDNYKEIMSVIVVILLLTLTLIAIFSAIDQLGISEMGRIARDLTHFIVNSLQD,4.0,3.9913847
VHWSAEEKQL,4.0,3.6116092
KWKVFKKIEKMGRNIRNGIVKAGPAIAVLGEAKAL,0.272615061,-0.024165899
MRVHITLECTECHNRQYLSNKNKRNNPDRLELNKYCPRERKVTLHKETK,4.0,3.9675999
MVAPTLTARLYSLLFRRTSTFALTIVVGALFFERAFDQGADAIYEHINEGKLWKHIKHKYENKE,4.0,3.9445677
FLGALFKWASK,1.294986216,1.7486484
MIICKTAHEITLMREAGKIVSATLEELKNHIRPGVTTKELDAIAEEVIRSH,4.0,3.818717
MLILTRKVGESLLIGDDISITILNIRGNQVKIGVEAPKEVSVHREEIYHRIRDVKDEQQL,4.0,3.9754336
GYGFLTTDD,4.0,3.9731438
MDNALLSLTHEQQQAAVEQIQELMAQGVSSGEAIQIIANRLREAHQNNTSENNS,4.0,3.9739618
ATLHLVLRLRGG,1.0,1.4743853
GVVDALKGAAKDIAGHLASKVMNKL,2.0,1.7329895
KFLKLKWLKSWKNFK,1.096910013,1.2532728
IGYAPHLTIQ,1.395326393,3.8033597
AQSFLRL,4.0,3.8324661
GIFTLIKGAAKLIGKTVAKEAGKTGLELMACKITNQC,0.403521502,0.7190286
GLFKKLRRKIKKGFKKIFKRL,1.485285184,0.4510856
MTTVKFKYKGEEKQVDISKIKKVWRVGKMISFTYDEGGGKTGRGAVSEKDAPKELLQMLEKQKK,4.0,3.9695344
NLKAIAALAKKLL,1.06463535,1.361957
FLPVIAGVAAKFLPKIACAITKKC,0.84509804,1.2112238
GPSGFLGMR,2.0,4.002685
MARAKGVRILVTLECTECRSNGERLGGGVSRYATKKNRRNTPNRLELNKFCPYCKKHVLHREIK,4.0,3.9690514
PSLLYKAKAVFCKPSAVAVF,1.776972318,1.9311349
ILPWKWRWWKWRR,0.146128036,0.8284993
MEVNILGLIATALFILIPTSFLIILYVKTEAVNDM,4.0,3.9626248
MTKGTPSQGKHNKGSNHIVCRRCGRRSFHVRKKVCAACGFGKSSKIKRFAWQWKKVTGKGNRVK,4.0,4.0430365
GLRKRLRKFRNKIKEKKKKIGQKIQGLLPKLAPRTDY,0.908098366,0.45765662
GMAKLLAKVLPHVVKLIK,0.390576575,1.0336372
MSIINTISKLSLSNSLKSNITIGNLNGTTVNNYTHNETSSKFTEFFTKSYNKTKDGFEKLKN,4.0,3.9135501
MFRIEGLAPKLDPEEMKRKMREDVISSIRNFLIYVALLRVTPFILKKLDSI,4.0,3.9518752
KWKLFKKIPKFLHL,0.795880017,0.6411449
MPKLKTKSSAAKRFKKTGKGGFKHRCANRAHINTKMTTKRKRHLRGMNQVAKVDTTSLVQQMPYA,4.0,3.9702768
IKWFNSEKGFGFIEVEGQDDVFVHFSAIQGEGFKCLEEGQAVSFEIVEGNRGPQAAN,4.0,3.995399
VNWKKSLGKSIKVVK,0.643452676,1.2089391
MKRTYQPHNRPRKSTHGFRARMATKNGRNVINRRRAKGRKKLSV,4.0,3.981766
SAAADPLIVELPNGKVRGRDNEGYYEAEGIPRAEPPVG,4.0,4.0308223
MIDYVGLFIGAYIMGFALFYGIGFFKSIAERIV,4.0,3.941601
LGVVGSLASKVVPAVISKVK,2.11798146,2.1989932
MKKITGIILLLLAVIILSACQANYIRDVQGGTVSPSSTAEVTGLATQ,4.0,4.0345154
MAACFVCNKKAVYGKSVTFSAERNSRVFKPNLQSVKIRMPDGSTKRVMVCTKCLKAGKVVKAV,4.0,3.9756842
MNVIFKLYLTIDAPKKKKVTVRDFLSIRYSMPYRLASN,4.0,4.033036
QKKIRVRLAA,1.131459454,0.7601752
AAYLLAKINLKALAALAKKIL,1.035664457,1.1815202
FIGPVLKIAAGILPTAICKIFKKC,0.843458659,1.4406177
AEIDRPVSLSGLTEGEAREFHGVFMTSFMVFIAVAIVAHILAWMWRPWIPGPEGYA,4.0,4.0267377
VDKPPYLPRPRPPRRCYNR,0.021493386,0.47549766
CLLKKLLKKC,2.2770938,1.5660577
DFGCARGMIFVCMRRCARMYPGSTGYCQGFRCMCDTMIPIRRPPFIMG,0.708140793,0.7315547
MADKADQSSYLIKFISTAPVAATIWLTITAGILIEFNRFFPDLLFHPLP,4.0,4.0059977
MSGKSWVLISTTSPQSLEDEILGRLLKILFVLFVDLMSIMYVVITS,4.0,4.0404844
MAQHQGGKGNFAEDPKRASEAGKKGGQASGGNFKNDPQRASEAGKKGGQRSHGGN,4.0,3.9597135
SIRDKIKTIAIDLAKSAGTGVLKTLICKLDKSC,0.83124671,0.7325181
AKHQGLPQE,3.397940009,3.6098852
RIKRFWPVVIRTVVAGYNLYRAI,0.51440803,0.7492494
MEAALLLAKLPEAYQIFDPLVDVLPIIPLFFLALAFVWQAAVGFK,4.0,3.9908242
VRRFPYYWPFLRR,1.505149978,1.2214359
CSNLSTCVLGKLSQDLHKLQTFPRTNTGAGVP,4.0,3.5469813
MKRTFQPSLLKRHRTHGFRARIATKSGRQVLARRRAKKRSRLTISNR,4.0,3.9773507
MAKKSLKVKQTRIPKFAVRAYTRCQRCGRARAVLSHFGVCRLCFRELAYAGAIPGVKKASW,4.0,3.9702413
MAKTIKVTQTRSSIARLPKHKATLKGLGLRNIRHTVELIDTPAIRGMINQVSYMVKVEE,4.0,3.9742503
GFLDSFKNAMIGVAKSVGKTALSTLACKIDKSC,1.258120426,0.96064687
HVSKAAANQHLWCGAHLVEALYLVCGERGFFYTPNKVGIVEQCCHSPCSLYDLENYCN,4.0,3.9823854
MRISAGVLNFLKVDLFKGVRHACAPLVWDAYPLK,4.0,3.9400053
MVPLCEGDLWQELSLLAAGCRFPHLDEMVNIASINGRKVLGLELI,4.0,3.9642105
MKVMASVKRICRNCKIIKRKGVVRVICSSDPRHKQRQG,4.0,3.978851
LRFKKRRWKYRVPP,1.112569743,0.88676095
YPPKPENPGDDAAPEELAKYYSALRHYINLITRQRY,4.0,2.502329
AQKIISTIGKLPKWIIKTVNKFTKK,0.397940009,0.6977298
MLQTNSMLIFPAKRHLQDGHYLAGRLQFLYQLGQLLMRLQLQQHPLVIKYGQVQMV,4.0,3.9548922
NRESQFYQSRRKKLSSQV,2.057832699,1.6650476
GLNALKKVFQGIHEAFKLINNHVQ,1.301029996,1.1534355
MASIIVRHNESFDDALRRFKRGVAKDGTLQEVRKREFYVKPSVARKLKSEAAQKRARKRARNDH,4.0,3.9510007
KRIVQRIKDKLR,0.698970004,0.54236495
LRLKKRRWLYRVPP,0.518193714,0.9423623
FLGALVKALSKLL,1.339623753,1.4133806
GWASKIGQTLGKMAKVGLQEIIQPK,1.698970004,1.5869609
FVVETENQLMSQGGRYYILPVIYGKGGGLG,4.0,3.4593346
CVRPGRVC,2.459288867,1.8042729
VDKPPYLPRPRWPRRIYNR,0.003770837,0.40078846
MARNDIRPIIKLKSTAGTGYTYVTRKNKRNNPDRITLKKFDPIVRKHVEFREER,4.0,3.964697
FLPGLIKAAVGIGSTIFCKISRKC,2.0,1.3055332
RWRFKWAKK,1.88433347,1.3283725
INLLKIAKGIIKSL,1.357792018,1.5725017
LPVVFRVASKVFPALISKLT,2.068740567,1.7210652
MDPNCSCTTGGSCACAGSCKCKECKCTSCKKCCCSCCPVGCAKCAQGCVCKGSSEKCRCCA,4.0,3.9919188
AAGQDNFMRF,4.0,4.0207458
LLGDFFRKAREKIGEEFKRIVQRIKDFLRNLVPRTES,1.34570039,1.4742823
SSMKLSFRARAYGFRGPGPQL,2.176091259,1.2966528
MEVNILAFIATALFILVPTAFLLIIYVKTVSQSD,4.0,3.9658494
MTKRKANHVINGMNAAKSQGNGAGYIEDDQLVLTAEQRQNNKKRKKNQ,4.0,3.9986246
IDWKKIFEKVKDLV,1.67669361,1.4681156
YYHFWHRGVTKR,1.602059991,1.963181
MKRTYQPHKTPKKRTHGFRLRMKTKNGRKVINARRAKGRKRLAA,4.0,3.9813843
MFGLGGQELVLILLIILLLFGAKKLPELARGLGRGMKEFKKAQTEIEEEFNKVVEEPPAKEKTTT,4.0,3.983075
FKLRAKIKVRLRAKIKL,0.760766755,0.94522625
MAKKSMIAKQKRTPKFKVRAYTRCERCGRPHSVYRKFKLCRICFRELAYKGQLPGIKKASW,4.0,3.9751954
KEEQIGKSSTRGRKSSRRKK,1.0,1.7462375
FFHHIFRGIKHVGKTIHRLVTG,0.407485326,0.5620235
MTQRTLGGTNRKQKRTSGFRARMRKSNGRKVIQARRKKGRHRLSV,4.0,3.9786654
DWRVLVVLLPVLLAAGWAVRNILPYAVKQVQKLL,4.0,3.569186
MQLTPPEVEK,4.0,4.0099926
VDKPPYLPTPRPPRRIYNR,0.313083209,0.6062428
GWGSIFKHGRHAAKHIGHAAVNHYL,0.263496975,0.92457044
MPLIQPPLYLTFLLLMLLYRIITLYVWSLSTITYKTSVRHASLYQRSFFRWSVDHSL,4.0,3.9437442
AGVPFNTKTPYGPT,4.0,3.458658
ADREPNHFVA,4.0,3.9269388
KWFWWK,2.0,1.4842356
MAVPRRKTSPSRRGMRRSADALKRPTYAEDKDSGELRRPHHLDLKTGMYKGRQVIKKKDA,4.0,3.9679375
MAKKESFFKGVKSEMEKTSWPTKEELFKYTVIVVSTVIFFLVFFYALDLGITALKNLLFG,4.0,3.9620056
GKWSKILGHLIR,0.585460729,0.8634286
GRAENFLRL,4.0,3.9842634
KWRRAVRAI,1.459069336,1.2069616
LKLLKWLLKLL,1.558824978,1.3362074
RLARRVVIRVAR,1.039359508,0.6282308
RVMFKWA,1.232305358,2.4367898
SYVGDCGSNGGSCVSSYCPYGNRLNYFCPLGRTCCRRSY,0.380211242,0.91894996
QHYSLEWKPG,4.0,3.4545808
MPKQKTHRASAKRFKRTGSGGLKRFRAFTSHRFHGKTKKQRRHLRKADLVSSGDFKRIKAMVTGL,4.0,3.968654
MRLTQGAFSYLPDLTDAQII,4.0,4.013852
MSDNDKTVTITQVRSVIGCTQKQKATIQALGLGRPNYSVVKPDNACTRGQIRVVQHLVKIEEN,4.0,3.970462
EQWQPQLHR,4.0,3.0436845
GIHDILKYGKPA,1.698970004,1.4694545
IKIKIKIK,1.502842884,1.3920383
IGRHFKRRNSIWGICWF,1.170261715,1.3587769
FILKRSYPQYY,2.608836468,1.770542
MDSMANSVSSSSVVNAGNKPAETLNKTVKNYTPKVPYMCVIA,4.0,4.018805
MADKPDFGEVASFDKSKLKKTDTEVKNTLPTKETIDQEKKAESS,4.0,4.037359
RSGPPGLQGRLQRLLQASGNHAAGILTM,1.935493702,2.1746485
GWWRRTAAKVRK,1.096910013,0.97688204
MDPNCSCAAGVSCTCAGSCKCKECKCTSCKKSCCSCCPVGCSKCAQGCVCKGASEKCSCCD,4.0,3.991765
RIRFPWPWRWPWWRRVRG,1.096910013,0.79911566
GLRKRLRKFRNKIKQKLKKI,0.522878745,0.565954
MDILALGWVSVLALFTWSIAMVVWGRNGF,4.0,3.9563665
MALKAVCVLKGAGETSGTVHFEQEDN,4.0,4.0365615
KLGFENFLVKALKTVMHVPTSPLL,1.204119983,1.2599213
SVQFKPRL,4.0,3.4262292
KFFARLLASVRAAVKKFRKKPRLIGLSTLL,0.737891228,0.8666024
MSSGQNSGGLMSSAGLVRYFDAEDRNSIRIDPKTIVAFGVLFGVGVLVLNALAI,4.0,3.949422
DPVTCLKSGAICHPVFCPRRYKQIGTCGLPGTKCCKKP,1.193124598,1.3216493
MKKQRNPHLISKNYKGIPIGFNLNLNRTAIKRIQDTREK,4.0,3.2628217
FKCARWQWRMKKLGA,1.544068044,1.6101611
YPCKLNLKLGKVPFHF,1.526439293,1.2167195
MPKMKTHRGAAKRFKVLKSGKVKRSRAYKSHLLTHKNAKRKRRLRKATYLVGADAKNIKRLLPYS,4.0,3.9770179
MIFPLFGANVLMVVVKSVKNENKEPFFRRGLKNINTKECIVNILIICDSYIKIYNLYN,4.0,4.0275536
DNPSSTPPLR,4.0,3.961547
ALWKTMLKKLGTMALHAGKAALGAAADTI,0.342422681,0.6223404
LPVLFSSAIAKVGIKLGAKV,2.104810171,1.8158562
RVQGRWKVRASFFK,0.656327512,1.5885952
MRVKINLKCSSCGSKNYLTSKNKSNHPDKIEVPKYCPKERKVTLHIES,4.0,3.9702406
GMASKAGAIAGKIAKVAWKALGGS,1.096910013,1.2328274
MAKKGNRIQVILECTEHKATGLAGTSRHITTKNRKNTPERIELKKYNSVLKKYTIHKEIK,4.0,3.9746928
WFWKLLWKALRLWWKVL,1.004924832,0.8695539
RWCRRYRVRVRGVLVYAYVCW,0.84509804,0.4198652
MARYRHSRSRSRSRYRRRRRRRSRYRSQRRRYRGRRRRRSRRGRRRGYSRRRYSRRRRRY,4.0,4.01733
GIWDTIKSMGKVFAGLILQNL,2.0,1.5012678
EKCLRWQWRMRKYGG,1.799340549,1.3952541
GLFAVIKKVASVI,1.075589162,1.7052269
MAVPKKRTSKTRTNRRRAQKKARAPQFVECPQCREKKLPHRICQSCGHYKGEEIIEV,4.0,3.988081
MNIHTYHHLLFPSLVFHQSSDVPNALSLHIHTYEYIIVVIDPFRITLAFR,4.0,4.0515704
INWLKLGKMVIDAL,0.608466922,1.6520897
MARYSCCRSHSRSRSRRRRQRCRRRRRRSCGRRRRACYRRYTVRYRRRRRRR,4.0,4.015645
AMDKSAKAPQITIFDHRGCSRAPKSETGGTATKDDQMMVKVSQV,4.0,3.925991
MGCGNSTATSAGAGQGPAGAAKDVTEESVTEDDKRRNYGGVYVGLPSEAVNMVSSQTKTVRKN,4.0,4.008238
RILRGVSRRIMRRILTGRR,0.830123653,0.8173044
MATIKVKQVKSRIKCPKDQKRTLDALGLRKMNQIVEHEANPAILGMVEKVKHLVSVEK,4.0,3.9817638
LRLKQRRWKYRVPP,0.81926683,0.9776058
MCIIVKYSQCNLFFQDVLRCRHVLCMLFSIVVHFRLSSFVSVCGVRIMCNCINCSRFIHNIN,4.0,3.817571
KVMAHMK,2.0,2.6511745
VTCELLMFGGVVGDSACAANCLSMGKAGGSCNGGLCDCRKTTFKELWDKRFG,0.269512944,1.209707
MAFEEAMNRVFHKKICLRCTARNPWKATKCRKCGYTKLRPKAKESRG,4.0,3.9745717
LYENKPRRPYIL,1.698970004,2.7708468
MASKKGNRIIIKLRSTESAHTYTTTKNRKNDPNRLELRRYDPTLRRHVIYRETK,4.0,3.9737506
FLPIIAGIAAKVFPKIFCAISKKC,1.106375069,1.0908905
RWLKKRRWKYYVPP,0.607356217,0.96945477
MCGSYYGNYYGDHGYGCCGYEGLGYGYGSLRCGYSSCCGYGHGYGSRFFCGCGYGCGSGYYY,4.0,4.038434
MKVRASVKKMCRNCKIIRRNGAIRVICTEPRHKQRQG,4.0,3.9754639
QLNFSPNW,4.0,3.8881855
MDDILVTSDLTSRYKISRKTLWSWQSADTMPRGFVCPFPPPDWPGNPNRWRSESIKEWEDKKKIN,4.0,3.973227
MTTQQTIKIQLVRSPIGTKESHRATVRGLGLRKLNSISELKDTPEVRGMINKISYLVKVL,4.0,3.97714
WRWRW,1.227319721,1.3989773
MFLRFYNRLLYIYNELFNFLRFTVFLPFCEFVPHHDLFYLIVTYQRTLVYKHKNDC,4.0,4.072934
MKRKIIAIGIFFRLFIIHIHFSHHCCENHFINPLVCLIALFCI,4.0,3.715825
RIWVIWRR,0.253429115,0.88515836
TWLKKRRWKKAKPP,1.545336658,1.2408421
MRVSASVKTICRNCKVIRRKGVVRVICTDPRHKQRQG,4.0,3.971861
EGCNILCLLKRKVKAVKNVVKNVVKSVVG,0.651365217,0.7641076
FLGWLFKWASK,1.354138077,1.4611609
EGSGGSGSSGNFTTGSNVRMSSVTNTSNAGTGTSGGGNSAAASGASVNAPPVTVTLTESLLNK,4.0,3.9899201
GVLGTVKDLLIGAGKSAAQSTLKTLSCKISNDC,0.348213971,1.0294251
CLGVGSCNNFAGCGYAIVCFW,1.579718429,1.6141059
EKGFGFISPADGSKDVFVHFSAIQSTSFKTLDEGQRVEFTIEQGQK,4.0,3.9992452
FHVPDDRPCIKPGRCPLVPDATCTFVCKAADNDFGYECQHVWTFEGQRVGCYA,4.0,3.6949456
WIKIWKKIIKKWKK,1.322219295,0.9469627
MARKAMIEKWKKTPKYSTRAYTRCRICGRPHSVLKKYGICRICFRELAYRGQIPGCKKASW,4.0,3.9733422
MKGTPSFGKRNKKNHIRCRRCGRNAYNPTKKYCASCGFGRSKRLRRYSWQNKKPVTGKRLK,4.0,4.014217
FFHHIFRGIVHVGKTAHRLVTG,1.301029996,1.1992347
WRKKWFW,0.903089987,0.9875767
MAVPKQKRSRSRTHTKRAKIYRTVSVPISKCPNCGQPKLPHRVCLHCGYYNGKQILEIAE,4.0,3.9724383
MSKIFLRKGETIDETLRRFKREVAKNGVLAEARRKEHYIKPSVQRKNLQKSMRGKRR,4.0,3.95572
MAKAAKTIKVEQTRSAIRRQHSQRSTLVGLKLNKIGRVAELQDTPETRGMIAKVQHLVRVIDET,4.0,3.9703274
MGKTVVRSNESLDDALRRFKRSVSKAGTIQEYRKREFYEKPSVKRKLKSEAARKRKKF,4.0,3.955008
MRITVNVDGTSYTDEVEPRTLLVH,4.0,3.9881897
MLRTYQPKKRQRKKEHGFRKRMKTANGRKVLRRRRLKGRKVLSA,4.0,3.9856973
MKPRLCFNFRRRSISPCYISISYLLVAKLFKLFKIH,4.0,3.4035215
RKCVKVQLIKNGRQVTAF,1.079181246,1.624247
MAKDKDVRPIIKLKSTAGTGYTYVTRKNRRNDPDRMVLKKYDPRIRKHVEFREER,4.0,3.9657412
TYYELIKAAILALKERNGSSAQAIKKYILENNKIEFQQTFLR,4.0,3.9409652
KCSPSGAICSGFGPPEQCCSGACVPHPILRIFVCQ,4.0,2.7820506
KLFAVIKKVAAVIGGL,1.78859491,1.7845044
MASDKKSEGFQSGAGLIRYFEEEEIKGPALDPKLVVYIGIAVAIMVELAKIFWPP,4.0,3.9484162
LKLKSIVSWAKAVL,1.397940009,1.358996
METNDLGFVASLMFILVPAIFLIVLYIGTQNNEA,4.0,3.9697065
FQWQRNMRKV,2.477121255,2.7138104
RRGHYY,3.397940009,2.7405496
GFCWYVCVKRNGVRSCYRRCN,-0.467926794,-0.35762626
LKKWLKK,2.326412575,2.0116181
KKKKKKKKKGGGLLALLALLA,0.971971276,1.3025398
RIKRFWPVVIRTVVAGYNLYRA,0.204273283,0.87451404
MTIAFQLAVFALIATSSILLISVPVVFASPDGWSSNKNIVFSGTSLWLGLVFLVGILNSLIS,4.0,3.949821
MHLNESLIYLFLETSCVAGAHFESLLD,4.0,4.0254574
MSKVVVRKNESLDDALRRFKRSVTKAGTLQEARKREHYEKPSVKRKRKSEAARKRKKI,4.0,3.955388
MPKMKTHRGAAKRFKKTGTGKIKRSKAYTSHILTKKSPKRKRKLRKAGIVFKGDQRRIAQLLPY,4.0,3.9811625
MPMATTIDGTDYTNIMPSTVSTTVYLGGSIGIDTSTTGFTCFSWY,4.0,4.087471
MPQMMPLPWIMVFLVSMALLWAIMTMVFFLYQPRSVSSAKGFSDRTVYLNWKW,4.0,3.9883895
LFGFLIPLLPHIIGAIPQVIGAIR,1.289175573,1.253174
MARNDIRPIIKLKSTAGTGYTYVTRKNKRNNPDRITLKKFDPIARKHVEFREER,4.0,3.9660287
MDHRLLEIIACPVCNGKLYYSQDKQELICKLDNLAFPLRDGIPVLLETEARSLAAEESRP,4.0,3.9731011
MAVPKRRTSKTRKNKRRTHFKISVPGMTECPNCGREYKLSHRVCKNCGSYNGEEVAAK,4.0,3.9859598
MADNIILECTECGDRSYLSKKNKRKHPERLTLKKYCPVERQVTLHRETK,4.0,3.9685655
GRKLWRKWLKRWLP,0.477121255,0.75374633
AGPVSKLVSGIGL,4.0,2.0696862
GRLKKLGKKIEGAGKRVFKAAEKALPVVAGVKALG,-0.664207898,0.088014185
RRWRIVVIRVRR,0.102862333,0.47647712
MDIVSIAWAALMVVFSFSLSLVVWGRSGL,4.0,3.957584
MSKRTFQPSKLVRKRRHGFRARMATAGGRKVLAARRARGRARLSA,4.0,3.9792075
RCYCRRRFCVCR,0.252616751,0.29701665
MSKKKSFNREYITSYYYIPFHRLEQGFYTSMEYRKVGVFKQQGKIDGHYVGVMAMEKILAM,4.0,3.8046002
MAKKGKGARLVITLECTECRSNPDKRSNGVNRYTTMKNRRNTTARLELKKFCTHCNKHTIHKETK,4.0,3.9804335
RQIKIWFQNRRWGGQLGRRRHRRRPSRRRRHW,1.079181246,1.0164995
MDPNCSCATGDSCTCASSCKCKECKCTSCKKSCCSCCPAGCTKCAQGCICKGASDKCSCCA,4.0,3.993401
MRVNITLACTECKQRNYNTSKNKKSNPDRMELKKYCKFCKTHTAHRETK,4.0,3.969527
MPRKALIAKQQRKQKYRTREYNRCQRCGRARAYYRKFGLCRICLRELAHEGKIPGVKKASW,4.0,3.970058
MLIGEAVLAVVTVAVVAYLTYVMMYPTRF,4.0,3.953953
FFGWLIKGAIHAGKAIHGLIHRRRH,0.403280427,0.42476264
HRLKKRRWKYRVPP,1.114828948,0.9943826
DMDDFGLGDFDDGR,4.0,3.634759
MCCGPCGSCCGYYCCGPCCGPCGPRCGPCGSCCGPCGPCGPCCGPFGSCCGGCWC,4.0,3.1878777
MMATKKEKAENAFYIKDLREHSRELFGVKPEVFDGALFHVHKMSITKSEAKKLISQFLQKEVK,4.0,3.971734
FLGGLMKAFPALICAVTKKC,0.94041392,1.3754472
LHRIALRKK,1.751533979,1.6001246
MTPLRPTRPCPECGKPSTREAYPFCSPRCKNIDLNRWLSGSYVIAGKPLGEEDENDS,4.0,3.9636216
RGKRWWRRKK,1.301029996,1.029702
MSEVKIGKNESLDSALRRFKRQLQRAGVLAEIRKREHYEKPSVKRKKKSEAARRRKYR,4.0,3.965653
SHHWLWLW,1.934068969,1.6994524
SKVWRHWRRFW,1.096910013,1.1261709
MRVNITLECTSCHERTYLTSKNRRNNPDRLELNKYCPREHKVVLHRETK,4.0,3.9681153
VATVDCSDYPRPDCTLEYMPLCGSDNKTYGNKCNFCNAVVDSNGTLTLSHFGKC,4.0,3.994984
MADIITLACTECKQRNYTTTKNKKTKPERLEFNKYCRFCRKHTPHRETK,4.0,3.9676733
GRRYKKFKWRFRGRFWFWG,1.380737004,0.7879435
MAHENVWYSHPRKFGKGSRQCRISGSHSGLIRKYGLNIDRQSFREKANDIGFYKYR,4.0,3.9547677
FALLGDFFRKSKEKIGKEFKRIVKRIKDFFRNLVPRTES,0.301434865,0.87105286
HTAGFIPRL,4.0,3.6450536
KRGFGKKLRKRLKKFRNSIKKRLKNFNVVIPIPLPG,-0.327902142,0.8364698
FLGGLFKLVPSVICAVTKKC,1.088136089,1.4208565
MSTSRKLKSHGMRRSKSRSPHKGVKRGGSKRKYRKGNLKSRKRGDDANRNYRSHL,4.0,4.0398955
CVKVSVKVGSGVKVSVKVC,0.398374086,1.4929745
MTLFQLLREHWVHILVPAGFVFGCYLDRKDDEKLTAFRNKSMLFQRELRPNEEVTWK,4.0,3.9733691
MSSKGGSSGGMWSVFIHGHDGSNKGSKTYTSGGGGMWGGGSSSGVKSGVNGGVKSGTGKI,4.0,3.6945705
MKAQEIREKSVEALQQQLLELLREQFNLRMQKATGQLSQTHLLKQVRRDIARVKTVLNEKAGD,4.0,3.9724169
FKAFKAFKAFKAFKAFKAFKAFKAFKAFKA,1.125592345,1.3821534
MMKKYMIERDNKFFSSFGNDFDKKGRQKLKPIYSLKQNAVYFSSLSDAQITASRVQGKVIEIKG,4.0,3.9841154
MAKKENRIVITLACTECGDRNYTTTKNRKNDTNRLELMKYCPRLRKRTLHRETK,4.0,3.9696298
MRDFKTYLSVAPVLSTLWFGSLAGLLIEINRFFPDALTFPFFSF,4.0,3.9849558
MLTITSYFGFLLAALTITSALLIGLSKIRLI,4.0,3.9824014
GLVTGLLKTAGKLLGDLFGSLTG,1.397940009,1.1108186
MTIAFQLAVFALIATSLILVIGVPVVFASPDGWSSNKNIVFSGTSLWIGLVFLVGILNSLIS,4.0,3.9573834
MHESHLVVILALLLLALWCLSTRPVQPSCHVEINGHSIIVTGNCWHSTQRPH,4.0,3.9610295
MKRTYQPSKLVRKRRHGFRARLATTGGRKILAARRARGRKRLSA,4.0,3.9801764
SLLSLIRKLIT,1.891847071,0.97609437
MAKVIVRKNESLDDALRRFKRGVSKDGTLQEYRKREYYVKPSVARKLKSEAAQKRNKKKGR,4.0,3.9576578
MEIVTEKDLKNIEEQLKSVVRDQDRFRLIKANANSFISQVNK,4.0,3.9082499
VFKPPYLPRPRPPRRIYNR,0.297174304,0.50479186
MFDDLPPLSHQEQQRAVEEIQKLMAEGMSTAQAIKIIAEKIRAEHKAQSAE,4.0,3.970459
KILRGVSKKIMRTFLRRISKDILTGKK,0.399714969,0.67177176
SGGGDGSGMWFGPRL,4.0,4.0255547
VNWKKILGKSIKVSK,0.944482672,1.006908
MLTLKIAVYIVVAFFVAIFVFGFLSNDPARNPGRRDLE,4.0,3.9548235
MKIRNSLKSLLGRHRDNRLVRRKGRIYIINKTQKRYKARQG,4.0,3.9835598
KKTWWKTWWTKWSQPKKKRKV,0.301029996,0.76358044
APAPSGGGSAPLAKIYPRGSHWAVGHLM,4.0,1.9363525
EEGGRPPPPI,4.0,3.4204597
ILPWKWPWWPARR,0.445737984,1.364096
GMASKAGTIAGKIAKTAIKLAL,1.079181246,1.1069738
MEVNTLAFIAVLLFLAVPTAFLLIPYVKTASASSGSN,4.0,3.980513
RWCVYAYVRGRGVLVRYRRCW,1.698970004,0.39955366
ACIKNGGRCVASGGPPYCCSNYCLQIAGQSYGVCKKH,1.592355979,1.7033384
GLFDIIKKIAASF,1.051272848,1.6263996
CLAGRLDKQCTCRRSQPSRRSGHEVGRPSPHCGPSRQCGCHMD,1.698970004,2.5398598
GKSLVKWIVKSVRKA,1.397940009,1.6133657
GIFDVVKGVLKGVGKNVAGSLLEQLKCKLSGGC,1.176091259,1.1354686
MKQKTHKGTAKRIKVTGSGKLRREQANRRHLLEGKPSKRTRRLKGTEDVAKADTKRVKRLLGRA,4.0,3.9655468
FLSLIPKIAGGIASLVKDL,2.0,1.7744702
RAGLQFPVGRLLRRLLRRLLR,-0.408265089,0.9685217
LVTLVFVGGGWKWKWENGKWKWKW,1.806179974,1.7067039
MKVRASVKKMCDKCRVIRRHGRVMVICTNPKHKQRQG,4.0,3.9775395
MYTRSSGLKTLKLDDLVQVVKLTRVDTPHPAQHVGIPTIRNVGLLEPLPVMQGRV,4.0,3.8604684
PRYPRWPRHPT,1.942066733,1.6191717
MKMKYGLYCMGSLVNTYDDAIEAHNDAVYAQEESGVPHEVREIQ,4.0,3.953829
MRIKVKLVRGLAGKRKDQIKAVRSLGLKKVNDERILEKNPMVLGNINKVKHLIQVEEVE,4.0,3.9818907
GLFTLIKGAAKLIGKTVPKKQARLGMNLWLVKLPTNVKT,0.041964195,0.6300844
LLIILKKKWKKQAKAKSK,0.903089987,1.6943314
KLRRLIRLL,1.024918305,1.1793318
MDPNCSCPTGGSCTCAGSCKCKACRCPSCKKSCCSCCPVGCAKCAQGCVCKGASDKCSCCA,4.0,3.993492
FFPIIAGMAAKLIPSLFCKITKKC,1.080446084,1.1356804
IKKIWSKIKKLLK,0.397940009,0.7766335
KKIWQKIKNFFRKL,1.574031268,0.73741513
SHHRCCRSHRCRR,1.276250673,1.1158085
CVHWMTNTARTACIAP,1.828838911,3.2324035
PVQSVFSATRCGAN,4.0,3.5060613
FRLKKRRWKYRVPP,0.96990224,0.9211142
IRTHTLPCKCTICPKAFSRPWLLQGHIRTHTGEKPFSCTYCNRAFA,4.0,3.9724083
MAVPKKKTSKAKRNQRSATWKGKAAVAAQRAMSIGKSVLSGRAQGFVYPVREADDEES,4.0,3.9658408
YKSDSFYGLM,4.0,4.0245667
MSKTLVRKNESLDDALRRFKRSVTKAGTLQELRKREHYEKPSVKRKRKSEAARKRKKY,4.0,3.961307
METVLSAPEVFIALVVAAHAAVLALRLSISLYEA,4.0,3.9634864
RVKRVWPLVIRTVIA,0.838849091,0.91455096
KIKGAIKWKGAIKIKGAI,0.619145716,1.0494068
RFRRPIRRPPIRPPFYP,0.602059991,0.96933115
MFIFNLNKKESKMNEDRIKGQWKQLAGKIKERYGIAHDEARKQVKKFHDSL,4.0,3.7672465
LIGPVLGLVGSALGGLLKKIG,0.903089987,1.1465688
MKGEKYTRFERARIVGARALQIFMGAPVLIRTDSIDPLEIALEEMRLGVIPITVKRDRKR,4.0,3.9741716
ATCDLLSGTGVGHSACAAHCLLRGNRGGYCNGKGVCVCRN,1.406944021,1.6246954
KRKKRFKWW,1.31386722,1.0985916
MASISVDSNESIDKALRRFNKAVQADGILTEARRREHYEKPSVKRKRKEAARLRKLQKMAREANN,4.0,3.9607422
VRLPPPVRLPPPVRLPPP,2.086359831,1.3252333
MKPESFDLTIEQMFEFRRMQDATANISQEQALELLVQASRLLMIKSNVIRDLMRQAPLEPLG,4.0,3.9857783
MLTITSYFGFLLAALTITSALFIGLSKIRLI,4.0,3.989583
MKVRASVKKMCRNCKVIKRNRVVRVICADPRHKQRQG,4.0,3.9787052
IRIRIRIR,0.852526426,1.3590866
MVEPLLCGIVLGLIPITLAGLFVAAYQQYKRGKELGV,4.0,3.968758
GLFDIIKKIAEAF,1.64068672,1.722748
PRPRCRRRFCRPRP,1.204119983,1.1357113
