Sequence,type
CLASGKTCKGMTQKIGCCGTCVSGGQS,1
HLPRPAGSTSALSVES,0
KGAKNTGKHVGMDVIRTGIDVVGCK,1
KFNKKKIKSGLFKIIKTAGKEAGLEAIRTGID,1
GIKTGIINGIKSVGKGVGMDVIKAGIGNTG,1
INGIKGIGKEVGKDV,1
KSGLFKIIKTVGKEAGLDALRTGIDVIG,1
MLRRVLRHVGCVLGDRLPCL,1
ATAWDFGPHGFLTIRPIRIRPLFGKD,1
GKGIKSFLFKGVKHVGKEVGL,1
TGVFNGIKTIGKEAGMDVIRTGIDTISCKI,1
KSAAKAAANAAGKAVTD,1
GLWSIIKQAGKEAAIAAAKAAGQAVLNST,1
GLWSTIKDVGKAAAKAAAKAAVKAALNA,1
GLWSTIKQKGKAAALAAAKAAGQAVLNSA,1
GLWSTIKQAGKDAAIAALKAAAQAALNAA,1
GFKEVLKADLGSLVKGIAAHVADKL,1
GIGASILSAGKSTLKGMLKGFA,1
LKGALKADLGTLLKGFAAHLADDF,1
YKEVLKADLGSLVKGIAA,1
GFKEVLKADLGALIKGIASHVAKPGMN,1
GKLLAGVKTALKGAAKELAS,1
VKGIAKEVGMVVIRTGIDIA,1
KIKNGLLNFIKNVGKELGMDALRTGIDIAGCKIKG,1
NKKKAKSGVFKIIKTIGKEAGMDVIRTGIDTISC,1
GAAKLIGKTVAKTGLELMACKV,1
FLSMIHKIATGIASLVKNL,1
GIALIAGLVHKIFHRH,1
GITLILRFLTILRRRH,1
SIIIILHLINIIKHHH,1
GIALIAGLMTRIFRRH,1
GFVLILKFICKLRRRN,1
ATKGLAKMGVDLVAC,1
FSTVKGAGKLAGKGLAKFGLELIACKIANQGHLAK,1
LAKMGLDLAGCKVSKEKTLSFTA,1
RPSPGEPVK,0
FLSLIPHAINAVSALAKHF,1
FLSLIPHAINAVSALVKHF,1
ILSLIPHAINAVSALAKHF,1
GIKEALKADLGSLVKGIAAHVAWAYGN,1
GTKYLGGAKTTFRCGDKDYA,0
GIKGKILAGVKTALKGAAKVLADHFLH,1
GIGAKILTDVKTLFKGAAKELAKKYLN,1
AAILSAGKSLIKGLAKHLAEHFA,1
GGKSALKKVNKEIADTY,1
GFKEVLKADLGSLVKGIAAHVADKFAN,1
IKGVKGIAKEVGKDVIRTGIDI,1
SKFNKKKIKSLLFKIIKTAGKEAGLEA,1
GKEAGKEAIRTGIDVIACKIKG,1
GIKDLLIKGIKGIGKEVGLDVVRTGIDIAGCK,1
KGVLSGFKEIGKDVAG,1
RMCFRVCVRGRCMVRSR,1
FLSLIPHITTGFAALAKHL,1
ILSLIPHAINAVSAIADRF,1
FLSLIPHAINAVSSLANHF,1
FLSLIPTAINAVSALAKHF,1
MSFIVNLIKKAIEFFSGFENKK,1
SMFIISLIKKVIEIIKNLFGKN,1
MMFIINLIKKVIEFLKGLFGNK,1
MFIINFIKKVIEFFSGLFK,1
RVKRFWLHLIKTVAT,1
RVKRFWPLLIRTVST,1
RVKRFWTHVINTVAA,1
RVKRFWPFLIRTVTV,1
RVKRFWPFLIKTVAA,1
WMKVMKSLAKFVARQKLKE,1
GWIKALKSLAKHLAKHQLK,1
KCIAKFIARSLAKEH,1
RKSWLSLLKFIGKHVAKYKLKKHL,1
IARHNLCASLRARHTIPFCKFFGHR,1
IFGPALSLVSSALGGRLKNL,1
RWCFWVCYGGVCYRRCR,1
CVRVCVGPACFMRCR,1
RVCVRVCQGGRCFMRCR,1
RVCFRVCVRGRCMVRCR,1
GKDLAGDVIRAGIGIAACKIKGE,1
VKHVGKEVGLDVIRTG,1
KGVAKIATKGLAKNI,1
TLAKEGGKLGLELAMCK,1
KWCFRVAFRGMCYRRCRG,1
YCFSAFYRGICFRFFRG,1
VATRLFGQRLR,1
AVIKSDLGSLTTGLVKGVAST,1
KIKNLFKVVFNGVKNTGKHVG,1
ITKMNKKRIKNGIRGVFNGLK,1
KGGIFKGIRGKLSGVKEVGKDLAGDAIRA,1
AKTGVGIIFNIIKTIGKEAGMDVIRAGIDTISCK,1
IKDGLHFMFTGVKHVGK,1
RIKSRGAAAIR,1
RWATGTSWWLG,0
CGEFLKKTFICVEK,1
IGGFIRKTCICVEK,1
CGGFSKKTAICVMQ,1
ALAWRAKTRTT,1
IFSKFGGKAIKNLFIKGAKNIGKEV,1
FSKPAGKGIKNLILKGVKGIGKEVGMDVIRT,1
GKKIKSGIFKGIKTVGKEAGLEAIRAGIDVIGCK,1
INGLKNIGKEVGKDVIRTGIDVAGCKIKGE,1
KSGLFKIIKTAGKEVGLDVLRTGIDVI,1
IGTSILSAGKAAIKGFAKTLAE,1
GFKEVLKADLGTAVKGAAAILAATY,1
GIGAKILAGLSSAVKGAAKELTATY,1
GIFSKIAGKAVKNMLLKGAKH,1
RIFRIGKKSWIKKGIISW,1
RIFKKGKGSGIKNWIIKGIKS,1
KKGGGKGIKKGVIKGIK,1
GIFSKIAGKGIKNLIPKGV,1
WPHTWRWLKWAWL,1
VAKTVNKFNA,1
FMFFRVCVRGRCYIRCR,1
RVCFRVCVIGRFMVRCR,1
LLSGMKLTLKGLAKELA,1
ISKINGKKIKNGIFKGVKNIGKEIGLDV,1
NMLFKGVKHVGKELGMDVLHTGGR,1
WTRTWRWWC,1
AKAALLASK,1
ATAWGMPPPGIPPIKTIRIRPLCRTDWS,1
ALGLSSRGLRPIGMFKSTIRSR,0
GTPWRLPHHVLKPLPPVKMKPYCGKDKS,1
LPWRIPHHVLKPLPPSRIKHFCGKDK,1
LPERWWLWWARRWWR,1
AAQTARAATSQRTWW,1
GGNRRFLGHRGPRGG,1
KWAFRVCYKGIAYRMAR,1
FTAGIKALGTTLAKKAGKAGAEHLACKATNQ,1
TLAKEGGKFGLELAMCKI,1
GAAKVLGKGLPKEAGKAGLEHLAC,1
QMFIINFVKKVIAFIKGLFGNN,1
MSFIVNLVKKAIEFFKGLFKNN,1
GIFSKFGGKAIKNLFIKGAKN,1
GIFSKLAEKKIKNLLISGLKNVGHE,1
GIFSKIGGKAIKNLILKGIKNIGKE,1
GIFRKFGGKAIKNLLFKGIKNIGEE,1
NGKAAKNMSFKAIKNIGKE,1
LENSAKKRISEGIAIAIRGGPH,1
AKKLENSAKKRISEGIAIAIA,1
RVCVRVCVLGVCYVRCWR,1
PILKGLEKLAKMGIAFTNCEATKKC,1
VGKNLTKLGVDLVACKISK,1
SMLTVAKEAGKMGLELMACKIS,1
SMFKGFKNLTKVGLGLTGCKINKQC,1
FLSLIPHAISAISSIANHL,1
FLSLIPHAINAVSALAHHF,1
FLSLIPHAISAIAALTNHF,1
FLSLIPHAINAVSAIANHF,1
FLSLIPHIINAVSALFKHS,1
KIFKGILSGIKNIGKDLGGDAIRAG,1
VGKDIAGDAIRAGGVKIGVAACKKG,1
GIKKKIKGNLKTATTGAAKEVASTYLN,1
IKGAAKLLGKGLAKEGGKVGLELMACKVTKQ,1
KALGKTLFKMAGKAGAEHLACKA,1
GAIKALGKTLFKMAGKAGAEHLACKATNQS,1
WPWRVLWRWIRR,1
AKPKVKMAVDVI,1
IKTGIVNGIKSLVKGVGMKV,1
GIFSKKGGKGGKSFIFKGIKGIGKEVGGDVIRTGI,1
LFSKFAGKGIKNLIIKGVKHIGKEVGMDVIRTGID,1
VKKFILKGVKHIGKEIGLDVI,1
GGKAIKNLFIKGAKN,1
TLFKEAGKLGAEYVSCKAA,1
KDKPLADLKSMVKGPAAKVA,1
GFKEVLKADLGSLVKGVATH,1
GFKQVLKADLGSLVKGAAAHVAHKH,1
ALLNKLKSLGKKVSKKLLLELLNITKKKK,1
AKDFANAFVVNSIKGTSAAS,1
ELLKVQAKAAGTLSAPAISELLGSKQ,1
FLSLIPTAINAVSTLANHS,1
FLSLIPHAANAISALARHL,1
LSLIPAAINAVSTLVHHF,1
RLPTPPRYPAWTRYPRYPRNATIDT,1
LPPTPRYPRYPRYPTYA,1
PPARYRPDRRRIRWPR,1
ILEWKWPWWKWSN,1
TKINKKKAKTGVFNIIKTIGHE,1
VFKIIKTIGKEAGMEV,1
VKTIGKEAGMDVIRTGIDVIACKI,1
WTLNSAGYLLGPRRIDQLLQIS,0
GYTLNSAGYLLGPCGESKMKTFSDFNR,0
GWTLHSAGYLLGPYGVGGHRSFSDKSS,0
SAGRLRGPHAIDRVQRI,1
GARNSWPWWPART,1
GWRWRWPWWGARQ,1
RWCFRVCFRGFCYGKCQ,1
GFKEVLKADLTSLLKGIAKHVAEHFIN,1
FRSLIPHIANAIAALAKHL,1
FLSLIPTAINAVSALANHF,1
GIFQWLWKWSN,1
CLIQWRWC,1
CRWWGQQA,1
CRWWLCLC,1
IGCKIIGGLKTALKGALKELASTY,1
GIGAKILGGVKSAVKGVLKELAFKYVN,1
VLKADLGSLAKGLAAHVAE,1
KEGGKFGLELVACKIS,1
FSLVKGAAKLIGKGLTKEGGKTGLELIACKITKFC,1
RVKRFWPLVINTVA,1
RAKRVWPLAIRTVL,1
RVKRFWLTVIKTVA,1
AARAAFNPT,0
AAHSALLTAH,1
RRWPAWRRPR,1
GGPGRPGRPT,1
MKAIFRVCYRGIGYRKCC,1
ADIHVIHNIHH,0
FLGKAIDLVGRALRGLLKHL,1
KGGAKLLAKEGGKTGAEFIACKI,1
LGVDLVAAKISKQCQ,1
GWCFWVCYKGWCYRECR,1
FIINLIKKAIEFFKNFHN,1
FVFNQVFKVVAFVKKQF,1
QVKRFWLLVIKTVSTS,1
RVKRFWPLLIRTVATG,1
RVKRFWPHVIKTAATS,1
RVKRVWPRVIRTVLTG,1
LISAASSALGGLLSH,1
ILGPVHGTISNVLGGLIKKI,1
AKNTGKHVGMDVVRTGIDV,1
GGKWIKNGILKGIKNIGKEVGLDVIR,1
FKGIKGIGKEVGMDVLRTGIEIASCK,1
KTIGKEAGMEVIRAGIDTISCK,1
KGIKTTGKETGLEALRTGIDVVGCKIKGE,1
TSWGWWWRWRW,1
WSTGRWWWTGRWWSTAR,1
WSTGRWWSTRRWASTGRW,1
WSQGRWWSKGRWWSKGRW,1
LRARWWWPSER,1
RKAPWWWPSAR,1
HRHPWWWPSAS,1
MDAIRTGIDIAGCKIKG,1
DGIIKGIKGIAKEVGLDVIRTGIDIAGCKIKG,1
FSKIAGKATKNLIIKGIKNIGKEVG,1
PWWWRAAWKGWWCWECR,1
LVRRIRYAR,1
YWKMWGGWWWNEWKA,1
IGDFVKLIIETVNKFTKK,1
VGDFVKFIIDTAKKFTKK,1
IIDFVKLIAETVNTYTKK,1
IGDFIKWIADTVEKYKKK,1
GIFSKFNKKKIKSGLFKGLK,1
GIFSKIKKKKIKSKIFNGIK,1
GIFSKIAGKGIKNLIIKGIS,1
GLFSKINKKKIKSGIFNII,1
GIFSKINGKKIKNMIIKGIK,1
GIFSKIAGKGIKDMIIKG,1
RIFRKRRGKFIKNGILNG,1
RVCFRVCVRGRCMVRCR,1
RVCVRVCVGPACFMRCR,1
RVCVRVCVGPACYMRCR,1
AVCFRVCVRARCVVR,1
KALGKTLFKMAGKTGA,1
SLVKGAAKLLGKTLAKEGGKTGLELLACKVTNK,1
AKIIGKTIVKEAGKTGAEFLACK,1
FNKKKIKSGIFNIIK,1
KSGIINGIKEIGKDLAGDAIRAGIGVAECKIKG,1
KGIKDMIIKGIKGIAKEAGMD,1
TAGKEAGLEVLRTGIDVIGCKIKG,1
FPKIIGKKIKTGIINGIKSIVKEAGMKVI,1
VKGVGMKVFKAGIGNTGCKIEDE,1
ISSRSVSIRF,1
SVVFCVSGRV,1
TKAGAQHLACKAANNC,1
GAAKLIGKTVAKTGLELMAI,1
KILGGVKTFLKGAAKE,1
GVKAALKGLANDLAPHFVN,1
LPWGWSHRWHWG,1
DRWRWWWRWR,1
GLRTGTRRRI,1
ICWTWWWRAT,1
VLEWKWPWWKWSG,1
KGIKNGVVNGVKGLV,1
FSKISGKAIKNLFIKGAKNT,1
FNKKKIKSGLFKIIKTTGKEAGLEALRTGI,1
KNTGKEVGMDVIRTGIDVAGCKIKGE,1
KINKKKIKNGLFKGIKTAGKEVGL,1
GFFSLIKGAAKIATKGLAKN,1
SFVKGGAKLLGKTLAKEGGKTGLELIACKVTKQC,1
GAAKLLGKTLAKDGGTVGLEFIACKVT,1
KTIGKEAGMDVIRAGI,1
LFSKINKKAIKSGILKGIKSIGKEVGMDV,1
IKKKKAKTGVFNIIKTIGKEAGMDV,1
IGDFVTLIIETVKKFTKK,1
GFVKWIIDTVKKFTKK,1
IGDLVKWILDTAEKFKKN,1
KAPVYHGYGGYGKGHAFGHGGGYGKYGGFNHG,1
FCAFYSFFFFFFYFFFGFRYGFFRYFSFFR,1
TWAVRVIRQFINGFIN,1
RWAVEIIRRFIKGFIN,1
TWAVEIIRRFINGIIN,1
KWAVETIRTYIKGFIN,1
HWWGWNSWW,1
GECWSWRWR,1
RRFWPLIVPGVRTLASIRASKGR,1
KRFWPLLRVAVKTVSLIKAIKRR,1
KRFWPLLVTAIKTVAMYKSFKG,1
KRSSPLVRAAIRTVSLYRAIRKK,1
FLSRIPHAINAVSTLVHHF,1
FFSLIPHAINAVSTLVHHS,1
DFACVRGRVSICRRRAQ,1
KINKKKAKTGVFNIIKSIGKEAGM,1
NGKGIKSGIFSGIKKIGKEIG,1
FKGIVSGFKKIGKDLAGDAIRTGIGVAECK,1
GIFSKFNKKQIKSGVIKIIKN,1
LFTKFNKKKAKTGVFNIIK,1
ACCAPSCTGGWNHRPCCAGLTC,1
AAQLIGKTVAKEAGKTGLELLA,1
KGAAQLIGKTVAKEAGKTGLELMTC,1
SLLKAAAKFAGKTFAEEAPKFGAEF,1
GTKDWLNKAKDWIKEKGLGIISAAANAATH,1
PGRMCVRVCVAGPCFMRCRR,1
CVRVCQGGPCFMRCRL,1
CGRMCVRVCVRGPCMVRCRR,1
QGRVCVRVCVRGQCFIRCRR,1
EVLKADLGSLVKGIAAHTAEHF,1
GFKEVLKADVGSLVKGIAAHVAK,1
ILSAGKSLVKGLAKGFTEHF,1
RMCMRVCVRGRCYVRCW,1
MKKRLRQIWQL,1
RWARWRRRVRG,1
LNLKDIFGKIKVIFSGLN,1
AAKLLGKTLAKEGGKTGLELM,1
KTLFKMAGKAGAEHL,1
VKGAAKLAGKGLAKEGGKFGLELIACKISKQC,1
FLFSLIKAGAKLLGKSLAKEAGKAGLELAACKATK,1
IREWWDGIRTRLRQRSPF,1
RIREWWDGIRKRFRQRSAFYVRGR,1
PVRSWGGRVREWWEGLRERLTRRLKSWTRGRW,1
WDGLRERRRRHVPFRVRG,1
RVREWWDGLRERLRRRLPFHVR,1
KKKAKSGVFNIIKTIGKEVGMDVIRAGIDTIS,1
IFKIIKTAGKEAGMEALRT,1
AKVIGKEVGNEVIRTGIDVAGCKIK,1
KKAIKNLIIKGIKNIGKELGMDVLRTGIDI,1
GLLKSVGKAAAQQLAC,1
RARRARAAA,1
HGAHCGGYHGGGHKGIHGGGYNGCGHHHGHGI,1
GIGGALLSAGKAALKGTAKVFAEKYAN,1
VLKADLGSVVKGIAAHVADKA,1
GIGKKFLAGVKTAFKGGAKELADMYLH,1
GFKEALLADVKSALKGGAKHLAEKCLN,1
GIGGSILAGVKSALKGGAKELAEHFAN,1
MMFIFNLIKKAIAFFKGLFNKK,1
MSFIVDKIKKAVEFFSGLFGNK,1
QMFILNLIKKAIEFLKKLFGKK,1
KGVKHIGKELGLDVVRTGIDIAG,1
IIKTIGKEAGMEVIRAGIDTISCKIKGEC,1
GLFKIIKTIGKEAGLEALRTGIDVIGCKIKG,1
GIISGIKGIGKEVGLDVIRTGIDIAACRIK,1
GIKHVGKEVGMDVIRTGIDIAGCKIKGEC,1
IECFRVCFFVICYRKCC,1
SPLKVAKNAGKTGLELMACKITNES,0
SILTLAKDLTKLGVDLVACK,1
ASLAKKAGKMGLDFVASKISKEC,1
GRWNWRLRWGL,1
VRRRRVARIAL,1
AFIFASAFALKMSRR,0
MKLALHHHHSL,1
GFKEVIKADLGSFVKGLAAHTTFTQ,1
VGKEVGRDVIRTGIDIAGCKI,1
GVFKIIKGIGKEAGWDVIRTGIEICACKI,1
GKKIKNFLLSGLKNVGKEVGMEVVRTGIDIAG,1
IKNIGKEVGMDVIRTGI,1
SRWRKVARKVGRIVRRYGPVI,1
SRARRVLKGAKRFVKKQGVVIA,1
TRSRWRRFRRGAGNFFRRNGLKIA,1
TRGRWSRFRKRAGRFLRRHKGKIA,1
THGRWGRIKRRAGRIIRRNKPVIA,1
KYAGKAGAEFLACKATNQC,1
GFFKKAHKTVKKAFKKIL,1
GWFKKAFKKVKKAFKKIK,1
AARSSSARAA,1
TGRGPRTGRV,1
GAAGRRPAAR,1
GGKSWIFKGIKGIGKEVGGDVIRTGIDIAAC,1
DVVRTGIDVAGCKIK,1
FNKKKIKSGLFKIIKTAGKEAGMEAIRTGID,1
LFSKKGGKGGKSWIFKGIKGIGKE,1
LKALAKVVQKFIPKAAKAGKALVKAFAD,1
ATARGMPSHGLLPIVMIKDKPRCGKY,0
AMPWRLPTTGLLPIKPTHIKPLCG,1
KRGIPWHNAWNEKHRFG,1
PRLSARYARLR,0
AAARAAGRASR,1
SWLKKTFKKLENSTKKRISEGIVKAIQGG,1
IKIIHDHIII,0
PWCFRVCYKGFCYRICR,1
SRGLAKLLKIVLKSLCRVVQ,1
SRGLAKIFKIGFKAFARALQ,1
ISGIATITRSIAKFFKGVVR,1
GSTGVCRGFCCVCPG,1
RPGTTGYAQGFRSMSDTHI,0
EWYKCRRFHWRMKKLGA,1
EAVKCHRWRWRMKKLGA,1
EWVKCHRWQARMKKLGA,1
AISTIGNVLGGLLKN,1
SKINKKKIKNLILKIIKTL,1
SKFAGKGVKSWIFKGVKGIGKEVGGDVIRT,1
GKEIGMDAIRTGIGIAGCKI,1
IKNLIISGLKNIGKEVGMDVVRT,1
VWLTIVKMAGKHLGK,1
IWLTALKFLGKHVAK,1
IWLTALKFLGKHAAK,1
SVGLDHVHLL,1
MKHNKGHGNL,0
RSRWWWAWDA,1
GKGNKFLHGHH,1
FIGKLISAASNSLGGLLSHL,1
FSLIKIVAKFATKGLGK,1
MAGKAGAQHLACKATNNC,1
LKGAKNIGKEVGLDVVRTGIDVAGC,1
GIKKFLVKGIKGVGKEAGMDVIRTGIDVA,1
RIFKKGIKGGIFKGILSGFKGIGKDLAGDAIRAGI,1
FLSLIPHAINAVSTLVHHS,1
FFSFIPNAISFISLLFKHF,1
FLSLIPHAINAVSALAKHF,1
FLSLIPHAINAVSALAKHF,1
SLVKGAAKFAGKVLLKSGGKLGAEYAACKASK,1
GIKALGKTLFKTAGK,1
AAKLAGKTLAKEAGKVG,1
AAGSGADAGKWSHA,1
DFAKLIIETVKKFTNK,1
GIGTKIIGGLKTAVKGAGKEFASTRVN,1
GFKDVLKADLGSLLKGIAAHAAAQYAN,1
LLSVGKLAIKGLANQTAEKF,1
GALLSAAKAALKGLAKVFAEKY,1
NATILSAGKSIIMGI,0
GLFFSLFGTGKKEACTLSFTC,1
LIKGAAKFLGKGLAKEIGKMGLEFIACKV,1
SLIKGVAKLLGKGLAKEGTKM,1
VAKLAGKTLAKEGGKFFLEFIACKVTK,1
AQLLGKTVAKEAGKTGLELMACKVTN,1
LGKTLFKMAGKAGAEHL,1
SVFKMVGKGGAQQLACK,1
GKTLAKEAGKTGLEL,1
AGKAGLELMACKITKQC,1
AKYLLKSIAKMAGKAGAQQVAC,1
GIGGSLLSVGKAALKGLAKVTADKFAN,1
FKEALKADLGSLVKFLAKHVAEHFA,1
ALKGALKEFASTYVN,1
KLLSKGKAALKGLADV,1
MHAHKILGKIAGVAS,1
MCQRRAMRLFPGSTGFCQGFRCVC,0
ALVGAPYPKKPVCADNKPC,1
IKIGTGVLPKVIAKDLKKM,1
GVLDIFKGAAKDVAGHRATKIINKI,1
LLCRRWQARLKKLGA,1
FKCRRWRFRMKKLGA,1
AQCRRWQWRMKKLGA,1
MSEIIELIKKAIEFLSGLFNKK,1
MMFIVELIKKVIEFFKGFFRRE,1
SMFIVELIKKVVEFFKGLFGNK,1
IFNFVKKAIGFFKGFFGQK,1
ANAVRATVV,0
RTWYVTCNGWWWWWLR,1
WWVEWHYHSWHLHWVG,1
CVICPGCRRVFR,1
RWGWRPGGPRTT,1
IVVVKGHGTATS,0
IGKGIKNFIPKGVKHIGKEV,1
KKAGKGIKNLIIKGLKHIGKEVGKDVIRTG,1
KGIKGIAKEAGMDVIRTG,1
SLVKGTTKLLGTTLATEGGKVGLEFIACKVT,1
LIKGAAKLAGKDLAKEGGKLGLELAACKISK,1
RYCFFICYRGKGYCCLG,1
GAAKLIGKTVAKEAGKTGLELMA,1
AGKTVAKEGGKFGLELAMCKV,1
GIGAAILSAGKSVVKGLANGFADKY,1
FKEVLKGDLGSLLKGIAAHVAATHLN,1
GFKEVLKADLGSLVKGIAAHVTLTYAN,1
GIGGKILSAVKTALKGALKELASTYAN,1
GIKEVLKADIGSLVKGIAAHVAHTSVN,1
GIGRKLISDLKTALKGAAKVLADKCVN,1
GTAILGGLKSIVKGALKGTAETY,1
WTWTWWWR,1
ATAWDFGPHGLLPIRPIRIRPLCGKD,1
ATALGLPSRGLLPIGPFKDTILCRKY,1
LFSLVKGAAKLLGKTLAKEGGKFGLELAACK,1
AGKTTTKEGGKTGLFLAM,1
VIKALGKTLFKMAGKAGAEH,1
TRGRWSRFRKKVGRWIRRHKGKIIAVGLGIAP,1
TRGRWSRAYRSAGGYIRKNLKDIISTAI,1
TWGRWKKFWEGTGCFFRKHK,1
FWRGTGNFFRKHAKNILAAGTFITA,1
GGVKTLFRCGDKDFASKHLY,0
IKTKLKAALKTAVKGITKILAEH,1
FFKNYITGAFKFFEKFH,1
DLIGLSIDTVKKGKKK,1
LVKGAAKLLGKTLAKEGGKCGLEFI,1
FSLIKGGAKILGKGLAKNAGKAGAEYIACKAAKQC,1
RARMLLLLE,0
KTIAKEAGTTGLELLACKVTNQ,1
AKEAGKTGLDLLACKVTKQC,1
VAKFASKNLGKDLAKLGVDLVACKVSK,1
LFSKPAGKGIKKFLPKGVKHIGKEVGMDVIR,1
GIFKGIPSGFKDVGKDL,1
SKWAGKKIKSLLIKG,1
GKGKIFKGLLSGLKEVGKE,1
GIKSGIFKIIKTVGKEVGLEALRT,1
RAKRFWLLLIKTVAA,1
RVKRFWPLLIKTVAA,1
RAKRFWPFLHNTVAA,1
RVKRFWLLLIKTVAT,1
IKGVAKIATKGIAKELGKMGLELMGCKISKE,1
KFLGKNLFKMAGKAGA,1
VGKGLAKEGGKFGLELIACKIAKQC,1
IAEPSGKAHRPLPMKIPSCGSCVRGKCA,0
CLASGKTCKGMTQKIGCCGTCLDVGQ,1
RIFGKGGKGGIFKGILSGFKEVGKDA,1
KKKIKNGLFKIIKTIGK,1
KDLIIKGAKGIAKEAGMDVIRTGID,1
IKNMILKGIKNIGKEVGMDV,1
FLEPVLNLVSNALKGYLKII,1
ATAWRAPPPGFSPIRKFKIKPLCGKY,1
AMAWGLPPATFRPVKNPFSRPLCRKY,1
TALVLPPRGLLPIGKFRDIILCR,0
KITGKGSKNWIFKGIKGIGKEV,1
GLFDTVKKIVTVIGSF,1
EAGKEAAKAAAKAAG,1
GLWSTIKDTGKEAAKAAAKAAGKAALNAA,1
GLWSKIKTAGKSAAKAAAKAAVKAVTGAA,1
VGKSAAKAAANKPAKAALG,1
GIGTKIIGGVKTAVTGALKELTSTR,1
WRWKWLWMTIRR,1
TMTFGDRAYKKP,0
AEKRVVAVAEVH,1
SWLSHTSNKLENSAKKHIAEGIAIAIK,1
GIGRKFLGGVKTTFRCGDKDFASKHLY,1
KFLGGVKTCFRGAARDIAS,1
AIGRSILSGGKSLLKGLDKGFAEKFLN,1
VGKEAGMDVIRAGIDVISCKIKG,1
KAAGKELGLEALRTGIDVAGCK,1
MAGKKIKNLIISGIKNIGKEVGM,1
KDMIIKGIKGIGKEAGMDVIRTGIDIAGCKIKGE,1
GGEWRARCKRAHRGEPWRRQ,1
ALALILRLIERISHRR,1
GLALILGLVDRLRKRR,1
GIAIIAGLITNIFKRN,1
GITLILHFINKLRRHH,1
GAAKFASKGTAKLGVDLVAC,1
AAQLIGKTVGKTGLELMACKVTNQIKTASV,1
RIRVIRIIR,1
FLSLIPHVANALAALVKHY,1
AFREVFKADLGSLVKGLAKHVAEKYVN,1
MLKKLGTMALHAGKGALGNKAKRAH,1
GFEEKLKADLGHFIKGIAKHVAFKHVN,1
GSSILSAGKSALKGFAKG,1
GFKEALQADLKTLVKAIAAHVADHMAN,1
IKEILKSDLATLFKGLAQHVADKFAN,1
KNLFIKGAKNTGKHAGMDVVRTGIDIVGCKIKGE,1
IFSKIGGKAIKNIIIRGIKEIGKEVGM,1
LAGKKIKNLLISGLKNVGKEVGMAV,1
RVCFAVCVRGRCMVACR,1
IVCFAVCVRGRCMVAA,1
RMCVRVCIRGRCMIRCR,1
MCVRVFVRGRCYVRCR,1
WNYWWQAAWKWRWWNTGN,1
LLSFIPAAINAVSCLAKHF,1
FLSLIPHAINAVSAIAKHF,1
FLSLIPHAINAIAAIAKHS,1
SLIPHAINAVSTLVHHS,1
MSFIVNLIKKAIEFFSGLFNKK,1
MSFIINLIKKAIEFFKNLFNNN,1
QMFIVNLIKTAIEFFKGLFGNK,1
MMFKVDLVKKVIEFVKGLFENK,1
RVKRFWPLVIKTVSA,1
RVKRFWPLLIRTVAA,1
RVKRFWLLVIKTAAT,1
RVKRFWPLLINTATA,1
RVKRFCLFVIKTAAT,1
RKKWFKVMKSIAKFIAKEQMKKHL,1
RKKWFKTMKSIAKFIAKESLKKHL,1
WIEKIRDLLKRLIKHTIK,1
RKPWFKALKSAAKFIAKESLKELL,1
GKIISAASCALGGLLSH,1
VTSTVGGVLGGLLKNL,1
RVCVRVCVRPFCFVDCR,1
RMCVRVCVRGRCYMRCW,1
RVCFRVCVGAHYMMRCW,1
NGIIKGIKGIGKEIGLDVIRTGIDIAGCKI,1
IFSKLSKKKIKNMLIKGVKNTGKEV,1
LIKGVAKIATKGLAKELGK,1
AAQLIGKTVAKETGTTGLELMACK,1
KGGAKFLMKTVGKDLGKTGAEQIACKATKN,1
RWRWWSWWWRM,1
KAKAKARPAKA,1
VPVHTRTTVVV,1
DALKADLTSLIKGIAAHVASKHLH,1
GIGGKILGALKTALKGAAKELAATYLT,1
KNVGKHVGMDVVRTGIDVVG,1
SKLAGKKIKSKLGGVFKGVKHV,1
KVKKGLLSKLKIVKNVSKDLGLDV,1
GLKIKFKIIKTAGKEAGLDALRTGI,1
SCWSWVRQALC,1
VVYVVKTATVV,1
CAGFLKRTAICVMK,1
SGGFLRKTCICVEK,1
KRKARAPAKAK,1
LFTKINKKGAKTGIFN,1
GKGVKNMLLKGVKHIGKEIG,1
GIISGIKEIGKDAAGDAIRAGIGTASCK,1
KKKIKTGVFKIIKTIGKEAGLEAIRAGIDTIGCKI,1
SIGAKLLGGVKTLFKGALKELAFTY,1
GFKEVLKGDLGSLVTGIAAHVAAKF,1
GFKEALKADLGSLVKGIAAHIAAKF,1
GFGGKILAGVKTALKGAAKEVAATH,1
GGLKTTLKGAAKELA,1
EGFKCRRWQWRMKKLGA,1
GIFSKIAGKGIKDFIVNGVKG,1
SKPAGKGIKNMIPKGVK,1
GLFSKKGGKGAKSWIIKGIKG,1
RIFTKIKGKAGKTWIPNGIKT,1
IIHSIAHTII,1
IRFRLRIVVA,1
RMCFRVCVRGRCMIRCR,1
RMIIRVIVRGHCMIRCR,1
GIGRKFLGGVKTTFRSADKDVASKHLY,1
GIKEVLKADLGSLVKGIAARVAFTHLN,1
IKNFIIKGIKHVAKEAGMDVVTTGAAAIDVAGC,1
FSKISGKAVKNLFIKGAKNIG,1
FTKINKKKAKIGVFKIIKTI,1
VVRTGVVLVDVVGCK,1
WCFRVCHKGFCYRKV,1
ATLRPVENPFSKPLA,0
ATAWRMPPHGIPPIVPVRIRHLCGTVRS,0
MLNFGFSFFTRRTRR,1
TVVNAVVKATVVALT,1
LRERAWLLWGRLQWS,1
AKFLGKKLAKELLKQGAHYAACK,1
SLIKGAAKLLGKGLGKEALKAGAEYAACKASKQC,1
SMFIVNLIAKVIEIFKKLFKEN,1
QMFIINFIKKAIGFFKNLFGNN,1
SSFIVNLIKKAIEFLKGLFGKN,1
RIFSKGGGKGIKNLIIKGIKNIGKE,1
GLFTKINKKKAKTGVFNIIKTIGKE,1
GIFSKIGGKGIKNLIIKGIKNIGKE,1
INKKKIKSGLFNIIKTAG,1
GIFSKISGKAIKNLLIKGAKNAGKE,1
SAKKRISEGIAIAIGGG,1
SAKKRIAEGIAIAITGGSA,0
RMEVRVWVRGREYIRCWQ,1
TMIKVAKEGGKMGLELMACKITKQC,1
MMFTGFKMAGKAGAEHLACKATKQA,1
SMLKGAKNLGKMGLDLIGCKASKEI,1
AAPAAFKMAGKTGAEHLAFKATNQC,0
ILSLIPHAINAVSALAHHL,1
FLSLIPTAINAVSAIAKHF,1
FLSLIPHAISAISALAKHL,1
FLSLIPHAINAVSALAKH,1
KISGKAIKNLFIKGLKNTGKHVGMDVIRT,1
KKKAKNGVFNIIKTIGKEVGMDVI,1
GIKDLIIKGVKGIAKETGMDVIR,1
WSCTGDTVWSCMGDTVWSCMGHGNKRCVL,0
GQWFWWWWSSR,1
WWGARRRRALRYYT,1
FKLVIKVDVGSLVTGIAKCVAVT,1
GFKEVLKADLGSLVKGIAAHTAETLLN,1
LLSLFTGAAKHLGKTLFKMAGKAGAEH,1
FSLIKAGAKFLGKNLAKKALKAGACYAACKAS,1
DRFRGPPAAFRG,0
RAARAKIAAKAE,1
IFSKWSGKKIKSWLI,1
IKNGIISGIKGIGKEI,1
FSKFAGKGIKNLIIKGVKHIGKEVGMDVIRTGID,1
LFSLIKDAAKLIGKTVAKEAGKTGF,1
GGAKALGKTLGKMAGKAGLEHLA,1
KFLTKTLAKMAGKAGAEQLACKVA,1
GKTVAKEAGKTGLELMACK,1
LSLFTGGIKALGKTLFKMAGKAGAEH,1
GIGGALLSAGKTALKGLANELADKF,1
IGASILSAGKSTLKGLAKGL,1
KAVLAKCSKFQRNMKKVGA,1
QPEAAKCYQWQNKMRKLGP,1
AGKAALHAVGESLGT,1
GLGDFLKSLSKAVGKVLLPGVAELTGPGQ,1
DILKDLAKAAGKAALHAVKESLGT,1
IPHAINAVATYVKHF,1
FLSLIPHAINAVSALADHF,1
FLSLIPHAINAVSALAKHF,1
FLSLIPHAISAVSTLAHHC,1
GCPQPEPWLLALGHHGR,0
GWPRFPRLPRTPRYPRYPRYPRWPRYPSY,1
IFEWKWHWWKASG,1
FSNIAGKGIKNFIIKGLKNIGKEVGMDVIRT,1
IGGKGIKNFIISGIKNIGKEVGMDVIRT,1
GIFSKFAGKGIKDLIIKGV,1
VKPQWRDFCLKTIRR,1
GWTLNSAGYLLGPHSIDTHLGLSDKGF,0
GWILDSAGYLLGPRRIDQLLQTINKTF,0
GWTLNSAGYLLGPHAVDNHRTFSDKAA,0
VRTWRWAWWRANR,1
RWRWRWPWWPASP,1
NVSWHWPGWPCCA,1
WCFRVCFKGFCYRFC,1
GFKEVLKADLGSLVKGIAAHVADTRL,1
LGSALKFLLKELAKG,1
GIGAKIICAGKSTIKGALKGLAETYAN,1
FLSLIPHAINAVSAIAKHF,1
FLSLIPTAISAVSAIANHV,1
FLSLIPHAINAVSALASHF,1
IYAISVCYRGKGYFCSC,1
ASRWWRWS,1
CRRWWWWT,1
LTKGIANGVAEHFLN,1
GYKEALKTDLGSLVKGVANALADKFAN,1
FIKGAAKLIGKGVAKEAGKTGLELMACKITKQ,1
KGVAKLAGKTLAKEGGKFGLELIACKIS,1
RVKRFWPLLIKTTA,1
RAKRFWPLVIKTST,1
RVKRSRPIVIRTAV,1
RVKRFWPLLIRTVA,1
RNHWEWWWL,1
AAHHGLHLH,1
KWKWLWELKL,1
AAKKSLLATL,1
RNAKAAAKAAN,1
ATTGLAKELAKMGVDLVACKISK,1
AKLAGKGLAKELGKVGLELIGCKVTNQ,1
PMFIINLIKKAIEFFKKLFKNN,1
MSFIINIIKKAIEFISRLFGNA,1
QMFIVNLIKKAIEFFKGLFGNN,1
QMFIVELIKKVIEFLKGLFGNK,1
QVKRFWLLVIKTVATS,1
RVKSFWPLVIRTVVTG,1
RVKRFWPLVINTVAAG,1
RVKRFWPLLIKTVTVG,1
RVKRFWLLLIKTVATG,1
KVLSLTSSKTGGLLS,1
FSKLGGKAIKNLIISGLKNIGKEVGMDVVRTGI,1
GIFSKISGKAIKNLFIKGAKTTGKH,1
GVKHVGKEVGMDVLR,1
GIFSKIAGKKIKNLLLKGVKNIGKEVGL,1
CGWRGGWRLRW,1
GTNGRWWSTGRWWSTGRM,1
WWKWWWWSKARWWSNARW,1
RKAPWWWPSAR,1
DRHPAWAPFRS,0
RKAPWWWPSGR,1
RRAPWRGPFAR,1
GGKAIKKGLIKGIKEAGKEAG,1
SGIKTGIIKGIKGVGKEVGMDVIRTGIG,1
KNIGKEVGMDVIRTG,1
KHIGKEVGKDVIRTGIDIA,1
INKKKIKTGLFKIIKTAGKEAGLEALR,1
TTGARWGR,0
VWAPRWVPQSDGAHVS,0
VVTVVTASAATTKGVS,0
TRAKHYRVDVAVVRKV,1
GIFPKIIKKKIKTGVINIIK,1
GLFIKLNKKKAKSGIFNIIK,1
GIFKKIIRKKIKTGIIKGII,1
GIFSKFAGKGIKNLFIKGVK,1
GIFTKINKKKVKTGVFNGIK,1
RIFKKGNKSWIFRGIING,1
RIFKKGKGSWIKNGIIKG,1
RVCFRACVPGRCMTRCR,1
VCVRVCQGGPCFMRCR,1
LYCVRVCVGPVCYMICR,1
RVCFRVCVRGRCMVRCR,1
WRWWRWRPRLR,1
FVCVRVCRGGPCFMRCRR,1
RMCIRVCVRPACFMRCRG,1
CFRVCVKGVCMVKCRS,1
GLFSLIKGAAKFAGKGLAKDLTKMGTDLAA,1
KIAGKGLAKNLGKMGLELVGCKISK,1
FKVAAKFAGKTLAKDGTK,1
KLLGKGLAKELAKVGL,1
MGKEAGKAGLEFLACKA,1
KKIKSGLPKIIKTVGKEAGLDALRAGIDVIGCKI,1
AGKAIKDLIIKGIKGIAKEAGKDVIR,1
IFKKGKGSGIKNGIIKGIKGIGKDLGLD,1
FSKFSGKGIKNFIIKGVKHIGKEAGMDVIRT,1
LKGIKGIGKEVGLDVIRTGIDVAGCKIKGE,1
RTHTKINKKKAKTGVFNIITTIGKEAGMD,1
GWWWKWRWRW,1
ARDHANFAAA,0
LVKGVAKLTGKTFAKFGLELIAC,1
TKLISGLKTAVKGMAKELA,1
IKAAILSAGKSALKG,1
GKSLLKGIAKELASHFVH,1
FSKGSSFSGGSGFSSFSGFS,1
PIGIHLHPHIIN,1
LRWRWWWTWE,1
KTIVVVTVST,1
GFWKNLWDGIKNAC,1
ACHAFYFHHRYALDQ,0
IWEWKWPWWKWSV,1
GATARVAQCHRWQWRMK,1
GKGGIFKGILSGFKQVGKDLAGDAIR,1
IKSIVKEIGGDLIRAGIGIADCKIK,1
ILSLIKGVAKAAGKTLAKQAGKMGFEMMA,1
FKAGAKFLLKKLAKD,1
GIFSKLSGKGIKNMLISGLKNVGKEV,1
KKKAKSGIFNIIKTIGKEAGMEVLRA,1
KKIKNFILKGIKHIGKEVGKDVIRTGIDI,1
INDLIKLIADTVEKFKKK,1
IGHLIKLHINTIKKFQKK,1
SFLDIVKKVAGWLGSL,1
FSSGGGFSGIGGFSSGGGISRGGGFSSGGGFS,1
KAAVLVLRKFIKGFIT,1
AYSNTVLNRMLTTTIL,0
HAKCFAEFVIKTV,1
RAKRFAPIVIRTV,1
KRFWPLVRVAIKTVALFRPT,1
FAPLLVTAIRTVAMYKAFK,1
ALLLVTAIKTVAIYKA,1
KRFWPLVRVAIRTVALFRAIKKK,1
PAVPVVIKTMVHFKAKK,1
FLSLIPTAISAISAIANHF,1
FLSLIPHAINAVSALAHHS,1
FLSLIPHAINAVSAIANHS,1
FLSLIPTAINAVSALANH,1
LIKGVAKIATKGLTKELGKMGL,1
SLITGTTKLLGKGLATEGGKVGLEFIACKVTNQA,1
KGIKTLIVKGVKGVGKEVGKDV,1
KKIKSGVFNIIKTIGKE,1
VKHVGKEVGKDVIRTGIDVAGCKI,1
NIAKKLGKLGLELAACKITK,1
MLKLKWKSSDVEYRL,0
RARVCFRVCVRGRCMVRCRS,1
RGRVCFRVCVRGRCMVRCRG,1
QSGGGSLFKGIAKELASTYAN,1
GFKEVLLGDFGCIVKGFAKHVATHFAN,1
RMCIRVCVRGRCYIRCW,1
RVCFRVSVRGRCMVRCR,1
AWRRLRRIVRA,1
LNLEKRIIPRD,1
RLRPLRRIIRT,1
AAQRVSTAVFT,0
MPRRRRSASRPIRRRRPARMSRPRRRRVGPRA,0
VTSQILAKHTPPARHPRFHNPEDV,0
LNMKKILGKLGVILSHLN,1
FTLIKGAAKLVGKGLAKEAGKTGLELVAC,1
LFTGGAKALGKTLFKMAGKAGAEYLACKAT,1
AGKTGLELMACKITNQ,1
RHGPARPHGRPTPSST,1
VRSWWTRIRERWAGVRQRLRERDPLHVRGRLNRNS,1
REWWEGLRQRLRQRLPFRVRGRLNITSTPR,1
WEGIRKRLHQRSVFHVRGRLNISSTA,1
SKKGGKGIKSWIFKGIKGIGKEVGMD,1
NKKGIKSGIFKIIKTAGKEAGLEAIRTGV,1
IGKHLAGDAIRAGIGVAECKIK,1
GKKIKNWLFKGFKHVG,1
DGMIKGIKGIGKEVGMDVIRTGIDIAGCKIKG,1
GFFSLIKGVAKILTKGIAKKAGKAGIELVAC,1
SSGSYYGGGSHAGSGGFYHGGGHHGGGSY,1
ECCRKGGWFSWYGRKGWRGGWNNRGWHWCW,1
GIGGKILAGVKTALKGALKELAKTYLN,1
GIGGKILAGVKTAVKGAAKELASTFVH,1
AKILGGVKTAVKGALKELAS,1
VFNLIKKAIAFFKGQ,1
MSFIINFIKKAIEFFSGFFGNK,1
MFIFNLVKKAIAYFKGFYGQ,1
QMFIVNLIKKVIEFLKGLEGNK,1
GKEAGLDALRAGIDTISCKIK,1
RIFSKIGGKAIKNLILKGIKNI,1
KKKIKSGLFKIIKNAGKEAGLEAIRTGID,1
SKFAKKKIKNLIIKGIKNIGK,1
IIKGVKGIGKEAGMDVIRT,1
AIKDLIIKGVKGIAKEVGMDVIRTGIDIAGCKIK,1
TFLDGLKKQAKGGVNAVL,1
RWCFRVCYVGFCYWKCR,1
KNFGKLGLDLVKCKISKEC,1
LKFGMDLTKLGLDFVACKIS,1
EAWHRPRGRGP,1
MKKTLKKIWKVTKKGFIFASAFALKMSKAKKKK,1
TLKKIGKVTKKGLIFASAFALKMSKAKKP,1
AHAAYKAHAAK,1
RRGGWWWGWRS,1
LKKALKGAAKELTAKYAH,1
LAAGKSAIKGFAKGLAEHYAN,1
GHGGKILGGLKTALKGAAKELAATHLH,1
KAKKPPHTPKI,1
VIVQARTVV,0
GAWTQWKWT,1
VKNNKVAVV,1
MIHVKISAINLRAKI,1
GIKELLKADLGSAVKGITAGIAEKF,1
GGLKTAVKGALKELA,1
AIKNFIIKGAKHIGKEIGLDVIRTGIDTAGC,1
KNFLIKGIKHIGKEVGMDVI,1
KKKVKDMVIKGVKGIAKEAGMDVIRTGIDIAGCKI,1
GGKGGIFKGILSGFKEVGKDLAGDAIRAG,1
WRKVARKVGRFVRRYGPVIA,1
TRGRWGRFARKAGRFLRRHKWRI,1
THSRWRRFRRGTLRFVRRHGPSIA,1
TRSRWGKVARRVGRFVRRQGPVIA,1
VSAGIKTFKVFKKK,1
GAAQLIGKTVAKEAGKTGLELMACKVTK,1
IFSLIKGAAELIGKTVAKEAGKTGL,1
LVKGVAKLAGKTLAKE,1
GWFKKAWRKVKKAGKTLL,1
WFKKTWRKVKHAGKRVL,1
LHTWITCSLL,1
IKVVVVKRVV,1
FAARRLCMRLFPGATI,0
RIRWPWPWRWPWWHRFRG,1
RTALGLSSRGLLPIGMFKDTIRCRKD,0
TALGLSSRGLLPIGPFKDT,0
GGSGRLFYFR,0
IKKLLIKGVKNIGKEV,1
IFSKINKKKSKSGIFNIIKSIGKE,1
VAKHVGKDVVRTGIDVVGC,1
IISGLKNIGKEVGLDVIRTGIDIAGCKIKG,1
DLLIKGLKNIGKEIGMDVIRTGIDVVGCKIKGEC,1
AKVLKSITKVIDGVVRKTFKNATTLDK,1
AKVLKSIAKFIKGVVRKQFKEASDLDKNQRIDNE,1
VFKGVVRKQFKKGKDM,1
KGLAKLFKIALKALAKTVQKAFKKAAKASKSLAK,1
ASAWGMPRHGLLPIRPIRIRPLCGNDKS,1
ELVARVVYLVR,1
RARAGRAPRA,1
KVSVTVVAKV,1
MSAFSKIFRSVAKIINGVVR,1
EWFKCRRWQWRMKKLGA,1
FIGKLISAASSALVGILSHL,1
VIRTGIDIAGCKIKGE,1
IFSKIAGKGIKNLLIKGVKNVGKEVGMDVIRT,1
KGVGGDVIRVGIEIAECKIKG,1
LKGIKGIAKEAGKDV,1
FSKKKIKSGIFKIIKTAGKEA,1
NPPIPKCRGFRCKHGHP,1
IWLTPLKFLGKNLAK,1
VLAKPLKKLAGLFKK,1
GFLSFRKKLAELFKN,1
FWLSIVKAAGKHLGK,1
GMTTKAGTVFGKVTKAIIAAL,1
LENCAKKHISEGVAIAILGILH,1
VNKDVVKKVC,1
ISKVSPAPSA,0
FLSLITHAINAVSTLVKHS,1
IFSLIPHAINAVSALANHF,1
FLSLIPHAINAVSALAKHG,1
AVLSRVQSSQV,1
ILGPVIDTIGNVRRGLLKNI,1
PSRTYPRRPRWRPSATIGTRP,1
FKGYILVVCMQEKHHSHG,0
FSLIKGAAQLIGKTVAKEAGKAGLEHMACKVT,1
KGAAQLIGKTVGKEAGKTGLELMACKATK,1
KGAAKLLGKTVAKNAGKAGLELVACKITKEC,1
INKKKAKTGVFNIIKTIGKEAGMDVIRAGID,1
IKGIAKEVGLDVIRTGIDIAGCKIKGEC,1
FFSLIPKIATGIASLVKNL,1
FSLIPHAINAVSTLV,1
FLSLIPHAINAVSTLVHHS,1
FLSLIPHAITAISALAKHL,1
SLIKGAAKLATKGLAKNLG,1
LIKGAAQLLGKTVAKEAGKTGL,1
KTLLKMAGKAGAQHLACKA,1
ILSLVKGAAKLLGKGLAKEGGKLGAEFLACKVSK,1
RLDRLERLTLWLPW,1
RRKPPKRWPWRLWK,1
DFAKLIAETVKKITKK,1
DIVKLIAETVKKFTKN,1
KTALKGATKELTAKYL,1
SVGKAALKGLANVFADKF,1
FKEVLKADLGSLVKGIAAHT,1
GFKEALIADFGSYVKGLAAHVAEKFAN,1
LSAIKSIIKGLANGLA,1
VLKSTGKLALKGLAKIVA,1
IGEVIKGGLKSLVKGIAKGVAEKFVN,1
AVKGFAKVQAGTYAN,1
LFSLIKGGAKLLGKSLAKEGGKVGAELIA,1
AKFATKGLAKNLGKMGVDLLGCKI,1
AKLLGKTLAKEAGKTGLELMA,1
FSLIKGGAKFLGKNVFKEAGKAGAEYITCKAS,1
AKFLLKSVAKEAGKAGAQQLASKAANNC,1
KGVTKLAGKTFAKEGGKFGLELAACKIAK,1
IIGGMKTALKGALKELTS,1
ACSRAGGSIAFMLAQKSGPERTGGIENSRAVCSG,0
ASAAAEMLQHVYCAISKQM,0
APVAAEMCQHRYCAASKKM,1
CVVSSKWNYKIRVKLMG,1
ACASNQMMHKAICKANKQF,1
ASIATEMMQKVRCAASKKM,1
WQCHRWQWRMKKLGA,1
FQCWRWRWRLFFLRS,1
YKCHRWQWRMKKLAA,1
MMFIINLVKKAIGFFKNFFGNN,0
LSFIINLVKKAIKFFKNLFGNK,1
MSFIVNLIKKIIEFFKGLFGNN,1
GIHHPINTN,1
EGWCQWATRLLCGWQR,1
AKTGVFNIIKTIGKEAGMDVIRAGIDIISCKIKGE,1
FNKKKIKSGIFKIIKTAGKEFGLDAL,1
KKIKNMLPKGVKHIGKEVGMDVVRTGIDVIGCKIK,1
LLKGIKNIGKEVGLEVIRTGIDIA,1
KGAAQFIGKTVAKEAGK,1
SLIKGAAQIVGKTVATEAG,1
LIKGVAKLAGKTFAKEGGKFGLEFIACK,1
ILLKQLGKKGAQHIACKGAKQC,1
GMGAAILAGVKTALKGALKEVMSKHLN,1
GIGTKILGGVKTALKGALKELAGKYLN,1
LSAGKASLKGLAKVLVDKFA,1
GFKEVLKADLGSLVKGVAAHVADKYLH,1
SAGKSALKGAANELASH,1
GFKELLKADLGRLLKGLAAPTAVTALN,1
RGRRIRIP,1
ATAWRMPPNGIRPIAAVRIKPLCGNV,1
ATALGMPPRGLLPIGKFRDTPLCRTD,0
RVCWCVCRKGVCWCWCC,1
LSLVKGAGKLLGKGLAKPVGKVGLQHLACK,1
SLIKGATKLAGTTLTKEGGKVGLELVTCKVTNQC,1
RAGWSRWGKRAGKFFRKHAGKI,1
TRHGWALARAFVGHRYPPARKAIVLAGVST,1
TAHTWMDAGNGVGYLLYRTTHATTHIGLAASL,0
RWRWKAWRFIKRNRWK,1
KALGKTLLKMAGKAGAEHLACKAA,1
GIKALGKTLFKMAGKAGAEHLACKATN,1
SSLFKAGAKYLLKNLFKSVGKAGAQQLACKA,1
AVVTRVVTP,1
KWCFRVCWRWFCWRKCR,1
IHHIFRGIVHAGRAIGRFL,1
AGKSFVFKGIKGIGKEVGMDVIR,1
IKGIKNIAKEVGRDVIRTGIDVAG,1
RIKRSWPLVIRTVVA,1
RVKRFWPLVIKTVAA,1
RVKRFWPLLIRTVTV,1
RVKRFWPLLIVMDTV,1
TARCRCWQWQLGRRWCVHAC,1
LLICGCWGSGWGWKWPGRPC,1
TLIKGTAKFIGKTVTKEAGKTGLFL,1
